problem_id,remap_id
1000.0,0
1001.0,1
1002.0,2
1003.0,3
1004.0,4
1005.0,5
1006.0,6
1007.0,7
1008.0,8
1009.0,9
1010.0,10
1011.0,11
1012.0,12
1013.0,13
1014.0,14
1015.0,15
1016.0,16
1017.0,17
1018.0,18
1019.0,19
1020.0,20
1021.0,21
1022.0,22
1023.0,23
1024.0,24
1025.0,25
1026.0,26
1027.0,27
1028.0,28
1029.0,29
1030.0,30
1032.0,31
1033.0,32
1034.0,33
1035.0,34
1036.0,35
1037.0,36
1038.0,37
1039.0,38
1040.0,39
1041.0,40
1042.0,41
1043.0,42
1044.0,43
1045.0,44
1047.0,45
1048.0,46
1049.0,47
1050.0,48
1051.0,49
1052.0,50
1053.0,51
1055.0,52
1056.0,53
1057.0,54
1058.0,55
1059.0,56
1060.0,57
1062.0,58
1063.0,59
1064.0,60
1065.0,61
1067.0,62
1068.0,63
1069.0,64
1070.0,65
1071.0,66
1072.0,67
1073.0,68
1074.0,69
1075.0,70
1076.0,71
1077.0,72
1078.0,73
1079.0,74
1080.0,75
1081.0,76
1082.0,77
1083.0,78
1085.0,79
1086.0,80
1087.0,81
1088.0,82
1089.0,83
1090.0,84
1091.0,85
1092.0,86
1093.0,87
1094.0,88
1095.0,89
1097.0,90
1099.0,91
1100.0,92
1101.0,93
1102.0,94
1103.0,95
1105.0,96
1106.0,97
1107.0,98
1108.0,99
1109.0,100
1110.0,101
1111.0,102
1112.0,103
1113.0,104
1114.0,105
1115.0,106
1117.0,107
1120.0,108
1121.0,109
1122.0,110
1124.0,111
1126.0,112
1128.0,113
1131.0,114
1132.0,115
1135.0,116
1138.0,117
1141.0,118
1145.0,119
1146.0,120
1148.0,121
1149.0,122
1152.0,123
1153.0,124
1154.0,125
1157.0,126
1158.0,127
1159.0,128
1160.0,129
1162.0,130
1166.0,131
1167.0,132
1168.0,133
1170.0,134
1173.0,135
1174.0,136
1175.0,137
1176.0,138
1178.0,139
1179.0,140
1181.0,141
1182.0,142
1183.0,143
1184.0,144
1185.0,145
1188.0,146
1189.0,147
1193.0,148
1194.0,149
1195.0,150
1197.0,151
1198.0,152
1199.0,153
1200.0,154
1201.0,155
1202.0,156
1205.0,157
1206.0,158
1208.0,159
1209.0,160
1210.0,161
1212.0,162
1213.0,163
1214.0,164
1215.0,165
1217.0,166
1219.0,167
1222.0,168
1225.0,169
1226.0,170
1229.0,171
1230.0,172
1231.0,173
1233.0,174
1234.0,175
1235.0,176
1236.0,177
1238.0,178
1239.0,179
1240.0,180
1241.0,181
1242.0,182
1244.0,183
1245.0,184
1246.0,185
1247.0,186
1248.0,187
1251.0,188
1252.0,189
1253.0,190
1254.0,191
1256.0,192
1257.0,193
1258.0,194
1259.0,195
1260.0,196
1261.0,197
1262.0,198
1263.0,199
1264.0,200
1267.0,201
1268.0,202
1269.0,203
1270.0,204
1271.0,205
1273.0,206
1275.0,207
1276.0,208
1277.0,209
1280.0,210
1283.0,211
1284.0,212
1285.0,213
1287.0,214
1289.0,215
1291.0,216
1292.0,217
1294.0,218
1296.0,219
1297.0,220
1298.0,221
1300.0,222
1301.0,223
1302.0,224
1303.0,225
1305.0,226
1306.0,227
1307.0,228
1308.0,229
1309.0,230
1310.0,231
1311.0,232
1312.0,233
1315.0,234
1316.0,235
1321.0,236
1322.0,237
1323.0,238
1324.0,239
1325.0,240
1326.0,241
1327.0,242
1328.0,243
1330.0,244
1331.0,245
1333.0,246
1334.0,247
1337.0,248
1338.0,249
1339.0,250
1340.0,251
1341.0,252
1342.0,253
1343.0,254
1344.0,255
1347.0,256
1348.0,257
1350.0,258
1351.0,259
1352.0,260
1353.0,261
1354.0,262
1356.0,263
1357.0,264
1358.0,265
1359.0,266
1360.0,267
1362.0,268
1365.0,269
1368.0,270
1369.0,271
1371.0,272
1373.0,273
1374.0,274
1376.0,275
1377.0,276
1379.0,277
1380.0,278
1384.0,279
1385.0,280
1388.0,281
1389.0,282
1392.0,283
1393.0,284
1394.0,285
1395.0,286
1396.0,287
1398.0,288
1399.0,289
1400.0,290
1402.0,291
1404.0,292
1405.0,293
1406.0,294
1407.0,295
1408.0,296
1410.0,297
1411.0,298
1412.0,299
1413.0,300
1414.0,301
1415.0,302
1416.0,303
1417.0,304
1418.0,305
1419.0,306
1420.0,307
1421.0,308
1422.0,309
1424.0,310
1427.0,311
1430.0,312
1431.0,313
1432.0,314
1434.0,315
1436.0,316
1437.0,317
1439.0,318
1440.0,319
1441.0,320
1443.0,321
1445.0,322
1446.0,323
1448.0,324
1449.0,325
1450.0,326
1451.0,327
1453.0,328
1455.0,329
1456.0,330
1459.0,331
1461.0,332
1462.0,333
1463.0,334
1464.0,335
1467.0,336
1469.0,337
1471.0,338
1473.0,339
1474.0,340
1475.0,341
1476.0,342
1477.0,343
1480.0,344
1484.0,345
1485.0,346
1486.0,347
1487.0,348
1489.0,349
1490.0,350
1491.0,351
1492.0,352
1493.0,353
1494.0,354
1495.0,355
1497.0,356
1498.0,357
1500.0,358
1501.0,359
1503.0,360
1504.0,361
1506.0,362
1507.0,363
1508.0,364
1509.0,365
1513.0,366
1514.0,367
1515.0,368
1516.0,369
1517.0,370
1519.0,371
1520.0,372
1521.0,373
1522.0,374
1524.0,375
1525.0,376
1526.0,377
1527.0,378
1528.0,379
1531.0,380
1533.0,381
1535.0,382
1539.0,383
1541.0,384
1543.0,385
1544.0,386
1545.0,387
1546.0,388
1547.0,389
1548.0,390
1549.0,391
1550.0,392
1551.0,393
1555.0,394
1560.0,395
1561.0,396
1562.0,397
1563.0,398
1564.0,399
1565.0,400
1566.0,401
1568.0,402
1572.0,403
1574.0,404
1577.0,405
1581.0,406
1584.0,407
1585.0,408
1587.0,409
1588.0,410
1590.0,411
1591.0,412
1592.0,413
1593.0,414
1595.0,415
1598.0,416
1599.0,417
1600.0,418
1602.0,419
1603.0,420
1604.0,421
1605.0,422
1606.0,423
1612.0,424
1613.0,425
1614.0,426
1615.0,427
1620.0,428
1622.0,429
1623.0,430
1629.0,431
1630.0,432
1633.0,433
1637.0,434
1639.0,435
1640.0,436
1644.0,437
1645.0,438
1646.0,439
1647.0,440
1648.0,441
1649.0,442
1650.0,443
1652.0,444
1653.0,445
1654.0,446
1655.0,447
1657.0,448
1658.0,449
1660.0,450
1662.0,451
1663.0,452
1668.0,453
1669.0,454
1670.0,455
1671.0,456
1672.0,457
1673.0,458
1676.0,459
1679.0,460
1680.0,461
1681.0,462
1684.0,463
1687.0,464
1688.0,465
1689.0,466
1691.0,467
1693.0,468
1695.0,469
1697.0,470
1699.0,471
1700.0,472
1701.0,473
1703.0,474
1704.0,475
1706.0,476
1707.0,477
1708.0,478
1711.0,479
1712.0,480
1713.0,481
1715.0,482
1717.0,483
1718.0,484
1719.0,485
1720.0,486
1722.0,487
1725.0,488
1726.0,489
1727.0,490
1728.0,491
1730.0,492
1731.0,493
1733.0,494
1734.0,495
1735.0,496
1736.0,497
1737.0,498
1738.0,499
1739.0,500
1740.0,501
1741.0,502
1743.0,503
1744.0,504
1747.0,505
1748.0,506
1749.0,507
1750.0,508
1751.0,509
1753.0,510
1755.0,511
1756.0,512
1757.0,513
1758.0,514
1759.0,515
1760.0,516
1761.0,517
1762.0,518
1764.0,519
1765.0,520
1766.0,521
1767.0,522
1769.0,523
1772.0,524
1773.0,525
1774.0,526
1777.0,527
1780.0,528
1781.0,529
1783.0,530
1786.0,531
1787.0,532
1788.0,533
1789.0,534
1790.0,535
1793.0,536
1795.0,537
1796.0,538
1797.0,539
1798.0,540
1799.0,541
1800.0,542
1801.0,543
1802.0,544
1806.0,545
1810.0,546
1812.0,547
1813.0,548
1816.0,549
1817.0,550
1818.0,551
1821.0,552
1822.0,553
1823.0,554
1826.0,555
1833.0,556
1834.0,557
1835.0,558
1836.0,559
1837.0,560
1838.0,561
1843.0,562
1846.0,563
1849.0,564
1850.0,565
1854.0,566
1855.0,567
1856.0,568
1862.0,569
1863.0,570
1864.0,571
1865.0,572
1866.0,573
1867.0,574
1871.0,575
1874.0,576
1884.0,577
1885.0,578
1890.0,579
1891.0,580
1893.0,581
1894.0,582
1895.0,583
1898.0,584
1900.0,585
1904.0,586
1905.0,587
1907.0,588
1911.0,589
1912.0,590
1913.0,591
1914.0,592
1915.0,593
1916.0,594
1917.0,595
1918.0,596
1919.0,597
1920.0,598
1922.0,599
1924.0,600
1925.0,601
1926.0,602
1927.0,603
1929.0,604
1930.0,605
1931.0,606
1932.0,607
1933.0,608
1934.0,609
1935.0,610
1937.0,611
1938.0,612
1939.0,613
1940.0,614
1941.0,615
1942.0,616
1943.0,617
1944.0,618
1945.0,619
1946.0,620
1947.0,621
1948.0,622
1949.0,623
1951.0,624
1952.0,625
1953.0,626
1955.0,627
1956.0,628
1958.0,629
1959.0,630
1960.0,631
1963.0,632
1964.0,633
1965.0,634
1966.0,635
1967.0,636
1969.0,637
1970.0,638
1972.0,639
1975.0,640
1976.0,641
1977.0,642
1978.0,643
1979.0,644
1980.0,645
1981.0,646
1983.0,647
1985.0,648
1986.0,649
1987.0,650
1988.0,651
1989.0,652
1990.0,653
1991.0,654
1992.0,655
1994.0,656
1996.0,657
1999.0,658
2001.0,659
2002.0,660
2003.0,661
2004.0,662
2008.0,663
2010.0,664
2011.0,665
2012.0,666
2014.0,667
2015.0,668
2018.0,669
2021.0,670
2022.0,671
2023.0,672
2024.0,673
2026.0,674
2028.0,675
2033.0,676
2034.0,677
2036.0,678
2037.0,679
2038.0,680
2042.0,681
2044.0,682
2045.0,683
2049.0,684
2051.0,685
2052.0,686
2056.0,687
2057.0,688
2061.0,689
2064.0,690
2065.0,691
2066.0,692
2072.0,693
2073.0,694
2075.0,695
2078.0,696
2079.0,697
2082.0,698
2083.0,699
2086.0,700
2087.0,701
2089.0,702
2090.0,703
2091.0,704
2092.0,705
2094.0,706
2096.0,707
2097.0,708
2098.0,709
2099.0,710
2102.0,711
2103.0,712
2104.0,713
2107.0,714
2108.0,715
2109.0,716
2110.0,717
2115.0,718
2116.0,719
2118.0,720
2121.0,721
2126.0,722
2130.0,723
2132.0,724
2133.0,725
2135.0,726
2136.0,727
2137.0,728
2138.0,729
2139.0,730
2140.0,731
2141.0,732
2142.0,733
2143.0,734
2145.0,735
2146.0,736
2149.0,737
2150.0,738
2151.0,739
2152.0,740
2153.0,741
2154.0,742
2155.0,743
2156.0,744
2157.0,745
2159.0,746
2160.0,747
2161.0,748
2162.0,749
2163.0,750
2164.0,751
2166.0,752
2167.0,753
2168.0,754
2169.0,755
2170.0,756
2171.0,757
2172.0,758
2174.0,759
2176.0,760
2178.0,761
2179.0,762
2180.0,763
2183.0,764
2184.0,765
2185.0,766
2186.0,767
2187.0,768
2188.0,769
2191.0,770
2193.0,771
2194.0,772
2195.0,773
2197.0,774
2200.0,775
2201.0,776
2204.0,777
2205.0,778
2206.0,779
2207.0,780
2208.0,781
2210.0,782
2211.0,783
2212.0,784
2213.0,785
2216.0,786
2217.0,787
2219.0,788
2220.0,789
2224.0,790
2225.0,791
2226.0,792
2228.0,793
2229.0,794
2230.0,795
2231.0,796
2232.0,797
2233.0,798
2234.0,799
2237.0,800
2238.0,801
2239.0,802
2240.0,803
2243.0,804
2244.0,805
2246.0,806
2247.0,807
2248.0,808
2250.0,809
2251.0,810
2252.0,811
2253.0,812
2254.0,813
2256.0,814
2257.0,815
2258.0,816
2261.0,817
2262.0,818
2263.0,819
2266.0,820
2268.0,821
2270.0,822
2272.0,823
2276.0,824
2281.0,825
2283.0,826
2285.0,827
2287.0,828
2290.0,829
2291.0,830
2292.0,831
2293.0,832
2294.0,833
2295.0,834
2296.0,835
2300.0,836
2301.0,837
2302.0,838
2303.0,839
2304.0,840
2305.0,841
2306.0,842
2307.0,843
2309.0,844
2310.0,845
2311.0,846
2312.0,847
2313.0,848
2315.0,849
2316.0,850
2320.0,851
2325.0,852
2331.0,853
2336.0,854
2338.0,855
2339.0,856
2342.0,857
2343.0,858
2344.0,859
2346.0,860
2352.0,861
2355.0,862
2357.0,863
2358.0,864
2365.0,865
2367.0,866
2370.0,867
2373.0,868
2374.0,869
2376.0,870
2381.0,871
2385.0,872
2386.0,873
2389.0,874
2392.0,875
2398.0,876
2399.0,877
2401.0,878
2405.0,879
2406.0,880
2407.0,881
2408.0,882
2410.0,883
2411.0,884
2412.0,885
2413.0,886
2414.0,887
2415.0,888
2417.0,889
2418.0,890
2419.0,891
2420.0,892
2421.0,893
2422.0,894
2423.0,895
2424.0,896
2428.0,897
2433.0,898
2435.0,899
2436.0,900
2437.0,901
2438.0,902
2439.0,903
2440.0,904
2441.0,905
2442.0,906
2443.0,907
2444.0,908
2445.0,909
2446.0,910
2447.0,911
2448.0,912
2449.0,913
2450.0,914
2451.0,915
2452.0,916
2453.0,917
2454.0,918
2455.0,919
2456.0,920
2457.0,921
2458.0,922
2459.0,923
2460.0,924
2461.0,925
2463.0,926
2464.0,927
2465.0,928
2467.0,929
2468.0,930
2469.0,931
2470.0,932
2472.0,933
2473.0,934
2475.0,935
2476.0,936
2477.0,937
2479.0,938
2480.0,939
2481.0,940
2482.0,941
2484.0,942
2485.0,943
2487.0,944
2490.0,945
2491.0,946
2492.0,947
2493.0,948
2494.0,949
2495.0,950
2496.0,951
2498.0,952
2499.0,953
2500.0,954
2501.0,955
2502.0,956
2503.0,957
2504.0,958
2505.0,959
2506.0,960
2507.0,961
2508.0,962
2511.0,963
2512.0,964
2513.0,965
2514.0,966
2515.0,967
2516.0,968
2517.0,969
2518.0,970
2520.0,971
2522.0,972
2523.0,973
2525.0,974
2526.0,975
2527.0,976
2528.0,977
2529.0,978
2530.0,979
2531.0,980
2532.0,981
2533.0,982
2535.0,983
2536.0,984
2539.0,985
2541.0,986
2543.0,987
2546.0,988
2547.0,989
2548.0,990
2549.0,991
2550.0,992
2551.0,993
2552.0,994
2553.0,995
2554.0,996
2557.0,997
2558.0,998
2559.0,999
2560.0,1000
2562.0,1001
2563.0,1002
2564.0,1003
2565.0,1004
2566.0,1005
2567.0,1006
2568.0,1007
2569.0,1008
2570.0,1009
2571.0,1010
2572.0,1011
2573.0,1012
2575.0,1013
2576.0,1014
2577.0,1015
2578.0,1016
2579.0,1017
2580.0,1018
2581.0,1019
2582.0,1020
2583.0,1021
2585.0,1022
2587.0,1023
2588.0,1024
2589.0,1025
2590.0,1026
2591.0,1027
2592.0,1028
2593.0,1029
2594.0,1030
2595.0,1031
2596.0,1032
2597.0,1033
2598.0,1034
2599.0,1035
2600.0,1036
2602.0,1037
2605.0,1038
2606.0,1039
2607.0,1040
2608.0,1041
2609.0,1042
2610.0,1043
2611.0,1044
2612.0,1045
2613.0,1046
2615.0,1047
2616.0,1048
2617.0,1049
2618.0,1050
2621.0,1051
2622.0,1052
2623.0,1053
2624.0,1054
2628.0,1055
2629.0,1056
2630.0,1057
2631.0,1058
2632.0,1059
2635.0,1060
2636.0,1061
2637.0,1062
2638.0,1063
2641.0,1064
2642.0,1065
2643.0,1066
2644.0,1067
2645.0,1068
2646.0,1069
2647.0,1070
2650.0,1071
2651.0,1072
2653.0,1073
2655.0,1074
2658.0,1075
2659.0,1076
2660.0,1077
2661.0,1078
2662.0,1079
2665.0,1080
2666.0,1081
2667.0,1082
2668.0,1083
2669.0,1084
2670.0,1085
2671.0,1086
2672.0,1087
2673.0,1088
2675.0,1089
2676.0,1090
2679.0,1091
2680.0,1092
2684.0,1093
2685.0,1094
2688.0,1095
2693.0,1096
2694.0,1097
2695.0,1098
2696.0,1099
2697.0,1100
2698.0,1101
2699.0,1102
2702.0,1103
2703.0,1104
2704.0,1105
2705.0,1106
2709.0,1107
2711.0,1108
2712.0,1109
2713.0,1110
2716.0,1111
2718.0,1112
2720.0,1113
2721.0,1114
2725.0,1115
2728.0,1116
2729.0,1117
2731.0,1118
2733.0,1119
2737.0,1120
2738.0,1121
2739.0,1122
2740.0,1123
2741.0,1124
2742.0,1125
2743.0,1126
2744.0,1127
2745.0,1128
2747.0,1129
2748.0,1130
2749.0,1131
2750.0,1132
2751.0,1133
2752.0,1134
2753.0,1135
2754.0,1136
2755.0,1137
2756.0,1138
2757.0,1139
2758.0,1140
2759.0,1141
2765.0,1142
2774.0,1143
2775.0,1144
2776.0,1145
2777.0,1146
2780.0,1147
2783.0,1148
2784.0,1149
2785.0,1150
2786.0,1151
2787.0,1152
2789.0,1153
2790.0,1154
2792.0,1155
2793.0,1156
2798.0,1157
2799.0,1158
2800.0,1159
2804.0,1160
2805.0,1161
2806.0,1162
2809.0,1163
2810.0,1164
2811.0,1165
2812.0,1166
2816.0,1167
2817.0,1168
2818.0,1169
2819.0,1170
2820.0,1171
2822.0,1172
2823.0,1173
2824.0,1174
2825.0,1175
2828.0,1176
2829.0,1177
2830.0,1178
2831.0,1179
2836.0,1180
2839.0,1181
2840.0,1182
2841.0,1183
2842.0,1184
2843.0,1185
2845.0,1186
2846.0,1187
2847.0,1188
2848.0,1189
2849.0,1190
2851.0,1191
2852.0,1192
2853.0,1193
2854.0,1194
2855.0,1195
2857.0,1196
2858.0,1197
2859.0,1198
2860.0,1199
2862.0,1200
2863.0,1201
2864.0,1202
2865.0,1203
2866.0,1204
2867.0,1205
2869.0,1206
2870.0,1207
2871.0,1208
2872.0,1209
2873.0,1210
2875.0,1211
2876.0,1212
2877.0,1213
2878.0,1214
2879.0,1215
2881.0,1216
2884.0,1217
2885.0,1218
2886.0,1219
2887.0,1220
2890.0,1221
2891.0,1222
2892.0,1223
2893.0,1224
2896.0,1225
2897.0,1226
2900.0,1227
2902.0,1228
2903.0,1229
2904.0,1230
2905.0,1231
2908.0,1232
2909.0,1233
2910.0,1234
2911.0,1235
2912.0,1236
2914.0,1237
2915.0,1238
2916.0,1239
2917.0,1240
2920.0,1241
2921.0,1242
2922.0,1243
2923.0,1244
2924.0,1245
2929.0,1246
2930.0,1247
2931.0,1248
2933.0,1249
2934.0,1250
2935.0,1251
2936.0,1252
2937.0,1253
2938.0,1254
2941.0,1255
2942.0,1256
2947.0,1257
2948.0,1258
2949.0,1259
2953.0,1260
2954.0,1261
2957.0,1262
2959.0,1263
2960.0,1264
2961.0,1265
2963.0,1266
2965.0,1267
2966.0,1268
2975.0,1269
2976.0,1270
2977.0,1271
2979.0,1272
2980.0,1273
2981.0,1274
2982.0,1275
2983.0,1276
2985.0,1277
2986.0,1278
2987.0,1279
2988.0,1280
2989.0,1281
2990.0,1282
2991.0,1283
2992.0,1284
2993.0,1285
2994.0,1286
2995.0,1287
2997.0,1288
2998.0,1289
2999.0,1290
3000.0,1291
3002.0,1292
3003.0,1293
3004.0,1294
3005.0,1295
3006.0,1296
3007.0,1297
3008.0,1298
3009.0,1299
3010.0,1300
3011.0,1301
3012.0,1302
3013.0,1303
3015.0,1304
3018.0,1305
3019.0,1306
3020.0,1307
3022.0,1308
3023.0,1309
3024.0,1310
3025.0,1311
3028.0,1312
3029.0,1313
3032.0,1314
3033.0,1315
3034.0,1316
3035.0,1317
3036.0,1318
3037.0,1319
3038.0,1320
3040.0,1321
3041.0,1322
3042.0,1323
3043.0,1324
3044.0,1325
3045.0,1326
3046.0,1327
3047.0,1328
3048.0,1329
3049.0,1330
3050.0,1331
3052.0,1332
3053.0,1333
3054.0,1334
3055.0,1335
3056.0,1336
3057.0,1337
3058.0,1338
3059.0,1339
3060.0,1340
3061.0,1341
3062.0,1342
3063.0,1343
3066.0,1344
3067.0,1345
3071.0,1346
3075.0,1347
3076.0,1348
3077.0,1349
3078.0,1350
3079.0,1351
3080.0,1352
3085.0,1353
3086.0,1354
3088.0,1355
3089.0,1356
3090.0,1357
3095.0,1358
3097.0,1359
3098.0,1360
3100.0,1361
3101.0,1362
3107.0,1363
3108.0,1364
3109.0,1365
3110.0,1366
3111.0,1367
3114.0,1368
3117.0,1369
3133.0,1370
3135.0,1371
3136.0,1372
3142.0,1373
3151.0,1374
3154.0,1375
3163.0,1376
3164.0,1377
3165.0,1378
3172.0,1379
3176.0,1380
3181.0,1381
3182.0,1382
3183.0,1383
3184.0,1384
3186.0,1385
3187.0,1386
3190.0,1387
3197.0,1388
3208.0,1389
3213.0,1390
3216.0,1391
3221.0,1392
3226.0,1393
3230.0,1394
3231.0,1395
3232.0,1396
3254.0,1397
3258.0,1398
3273.0,1399
3276.0,1400
3295.0,1401
3300.0,1402
3321.0,1403
3343.0,1404
3344.0,1405
3356.0,1406
3360.0,1407
3366.0,1408
3372.0,1409
3392.0,1410
3405.0,1411
3407.0,1412
3412.0,1413
3417.0,1414
3425.0,1415
3429.0,1416
3430.0,1417
3447.0,1418
3448.0,1419
3449.0,1420
3460.0,1421
3462.0,1422
3474.0,1423
3482.0,1424
3486.0,1425
3495.0,1426
3507.0,1427
3518.0,1428
3541.0,1429
3566.0,1430
3568.0,1431
3584.0,1432
3595.0,1433
3596.0,1434
3602.0,1435
3613.0,1436
3621.0,1437
3622.0,1438
3640.0,1439
3644.0,1440
3648.0,1441
3649.0,1442
3651.0,1443
3653.0,1444
3663.0,1445
3665.0,1446
3671.0,1447
3673.0,1448
3678.0,1449
3679.0,1450
3682.0,1451
3683.0,1452
3684.0,1453
3687.0,1454
3691.0,1455
3697.0,1456
3709.0,1457
3711.0,1458
3736.0,1459
3745.0,1460
3747.0,1461
3748.0,1462
3758.0,1463
3770.0,1464
3777.0,1465
3778.0,1466
3779.0,1467
3780.0,1468
3783.0,1469
3793.0,1470
3806.0,1471
3825.0,1472
3827.0,1473
3830.0,1474
3844.0,1475
3845.0,1476
3850.0,1477
3860.0,1478
3863.0,1479
3865.0,1480
3878.0,1481
3895.0,1482
3896.0,1483
3908.0,1484
3933.0,1485
3938.0,1486
3943.0,1487
3944.0,1488
3946.0,1489
3948.0,1490
3954.0,1491
3955.0,1492
3964.0,1493
3967.0,1494
3976.0,1495
3977.0,1496
3978.0,1497
3980.0,1498
3981.0,1499
3985.0,1500
3986.0,1501
3987.0,1502
3988.0,1503
3991.0,1504
3996.0,1505
3997.0,1506
4002.0,1507
4008.0,1508
4013.0,1509
4030.0,1510
4055.0,1511
4056.0,1512
4072.0,1513
4084.0,1514
4095.0,1515
4096.0,1516
4097.0,1517
4101.0,1518
4108.0,1519
4118.0,1520
4134.0,1521
4141.0,1522
4150.0,1523
4153.0,1524
4158.0,1525
4159.0,1526
4172.0,1527
4179.0,1528
4181.0,1529
4195.0,1530
4196.0,1531
4198.0,1532
4217.0,1533
4225.0,1534
4230.0,1535
4233.0,1536
4243.0,1537
4246.0,1538
4256.0,1539
4287.0,1540
4299.0,1541
4305.0,1542
4307.0,1543
4312.0,1544
4320.0,1545
4328.0,1546
4335.0,1547
4342.0,1548
4343.0,1549
4344.0,1550
4347.0,1551
4348.0,1552
4354.0,1553
4355.0,1554
4358.0,1555
4370.0,1556
4373.0,1557
4375.0,1558
4376.0,1559
4378.0,1560
4383.0,1561
4384.0,1562
4386.0,1563
4388.0,1564
4395.0,1565
4396.0,1566
4411.0,1567
4419.0,1568
4435.0,1569
4436.0,1570
4442.0,1571
4446.0,1572
4447.0,1573
4458.0,1574
4470.0,1575
4483.0,1576
4485.0,1577
4493.0,1578
4504.0,1579
4539.0,1580
4562.0,1581
4563.0,1582
4564.0,1583
4568.0,1584
4573.0,1585
4574.0,1586
4575.0,1587
4577.0,1588
4581.0,1589
4583.0,1590
4589.0,1591
4592.0,1592
4593.0,1593
4597.0,1594
4606.0,1595
4613.0,1596
4619.0,1597
4620.0,1598
4623.0,1599
4631.0,1600
4635.0,1601
4641.0,1602
4650.0,1603
4655.0,1604
4659.0,1605
4673.0,1606
4677.0,1607
4679.0,1608
4689.0,1609
4690.0,1610
4706.0,1611
4714.0,1612
4716.0,1613
4732.0,1614
4740.0,1615
4758.0,1616
4766.0,1617
4779.0,1618
4781.0,1619
4792.0,1620
4796.0,1621
4803.0,1622
4806.0,1623
4811.0,1624
4821.0,1625
4828.0,1626
4841.0,1627
4848.0,1628
4850.0,1629
4880.0,1630
4881.0,1631
4882.0,1632
4883.0,1633
4884.0,1634
4889.0,1635
4890.0,1636
4892.0,1637
4900.0,1638
4902.0,1639
4903.0,1640
4909.0,1641
4913.0,1642
4920.0,1643
4921.0,1644
4922.0,1645
4929.0,1646
4948.0,1647
4949.0,1648
4963.0,1649
4991.0,1650
4994.0,1651
4998.0,1652
4999.0,1653
5000.0,1654
5002.0,1655
5011.0,1656
5012.0,1657
5013.0,1658
5014.0,1659
5015.0,1660
5021.0,1661
5022.0,1662
5026.0,1663
5032.0,1664
5043.0,1665
5046.0,1666
5052.0,1667
5054.0,1668
5060.0,1669
5063.0,1670
5069.0,1671
5073.0,1672
5074.0,1673
5076.0,1674
5086.0,1675
5087.0,1676
5089.0,1677
5095.0,1678
5101.0,1679
5102.0,1680
5107.0,1681
5163.0,1682
5176.0,1683
5177.0,1684
5179.0,1685
5211.0,1686
5212.0,1687
5213.0,1688
5214.0,1689
5217.0,1690
5218.0,1691
5220.0,1692
5235.0,1693
5337.0,1694
5338.0,1695
5339.0,1696
5347.0,1697
5354.0,1698
5355.0,1699
5361.0,1700
5363.0,1701
5373.0,1702
5376.0,1703
5386.0,1704
5389.0,1705
5393.0,1706
5397.0,1707
5419.0,1708
5425.0,1709
5426.0,1710
5427.0,1711
5430.0,1712
5431.0,1713
5444.0,1714
5446.0,1715
5461.0,1716
5462.0,1717
5463.0,1718
5464.0,1719
5465.0,1720
5467.0,1721
5475.0,1722
5480.0,1723
5485.0,1724
5498.0,1725
5502.0,1726
5520.0,1727
5522.0,1728
5523.0,1729
5524.0,1730
5525.0,1731
5527.0,1732
5528.0,1733
5529.0,1734
5530.0,1735
5532.0,1736
5533.0,1737
5534.0,1738
5535.0,1739
5543.0,1740
5544.0,1741
5545.0,1742
5546.0,1743
5547.0,1744
5549.0,1745
5550.0,1746
5552.0,1747
5554.0,1748
5555.0,1749
5556.0,1750
5557.0,1751
5558.0,1752
5561.0,1753
5565.0,1754
5566.0,1755
5567.0,1756
5568.0,1757
5569.0,1758
5573.0,1759
5575.0,1760
5576.0,1761
5577.0,1762
5582.0,1763
5585.0,1764
5586.0,1765
5587.0,1766
5588.0,1767
5596.0,1768
5597.0,1769
5598.0,1770
5599.0,1771
5600.0,1772
5607.0,1773
5612.0,1774
5613.0,1775
5615.0,1776
5617.0,1777
5618.0,1778
5619.0,1779
5622.0,1780
5623.0,1781
5624.0,1782
5625.0,1783
5626.0,1784
5631.0,1785
5635.0,1786
5636.0,1787
5637.0,1788
5639.0,1789
5648.0,1790
5651.0,1791
5656.0,1792
5666.0,1793
5670.0,1794
5671.0,1795
5675.0,1796
5676.0,1797
5679.0,1798
5691.0,1799
5692.0,1800
5698.0,1801
5704.0,1802
5710.0,1803
5717.0,1804
5719.0,1805
5721.0,1806
5724.0,1807
5735.0,1808
5751.0,1809
5766.0,1810
5789.0,1811
5800.0,1812
5812.0,1813
5817.0,1814
5821.0,1815
5827.0,1816
5829.0,1817
5846.0,1818
5847.0,1819
5848.0,1820
5849.0,1821
5850.0,1822
5859.0,1823
5864.0,1824
5866.0,1825
5874.0,1826
5875.0,1827
5879.0,1828
5883.0,1829
5884.0,1830
5893.0,1831
5896.0,1832
5901.0,1833
5904.0,1834
5909.0,1835
5911.0,1836
5912.0,1837
5913.0,1838
5914.0,1839
5916.0,1840
5917.0,1841
5918.0,1842
5919.0,1843
5920.0,1844
5921.0,1845
5922.0,1846
5925.0,1847
5926.0,1848
5927.0,1849
5928.0,1850
5929.0,1851
5931.0,1852
5934.0,1853
5938.0,1854
5939.0,1855
5940.0,1856
5944.0,1857
5947.0,1858
5948.0,1859
5949.0,1860
5953.0,1861
5956.0,1862
5957.0,1863
5958.0,1864
5959.0,1865
5966.0,1866
5972.0,1867
5974.0,1868
5976.0,1869
5977.0,1870
5980.0,1871
5982.0,1872
5984.0,1873
5988.0,1874
6003.0,1875
6005.0,1876
6010.0,1877
6012.0,1878
6013.0,1879
6021.0,1880
6030.0,1881
6031.0,1882
6032.0,1883
6040.0,1884
6051.0,1885
6060.0,1886
6064.0,1887
6068.0,1888
6069.0,1889
6080.0,1890
6081.0,1891
6086.0,1892
6087.0,1893
6091.0,1894
6092.0,1895
6097.0,1896
6101.0,1897
6118.0,1898
6119.0,1899
6123.0,1900
6124.0,1901
6131.0,1902
6135.0,1903
6137.0,1904
6139.0,1905
6143.0,1906
6144.0,1907
6146.0,1908
6147.0,1909
6148.0,1910
6156.0,1911
6159.0,1912
6160.0,1913
6161.0,1914
6162.0,1915
6165.0,1916
6167.0,1917
6168.0,1918
6169.0,1919
6177.0,1920
6186.0,1921
6189.0,1922
6190.0,1923
6194.0,1924
6195.0,1925
6198.0,1926
6206.0,1927
6207.0,1928
6209.0,1929
6211.0,1930
6212.0,1931
6213.0,1932
6216.0,1933
6218.0,1934
6219.0,1935
6220.0,1936
6221.0,1937
6233.0,1938
6236.0,1939
6245.0,1940
6246.0,1941
6248.0,1942
6249.0,1943
6264.0,1944
6318.0,1945
6321.0,1946
6322.0,1947
6324.0,1948
6359.0,1949
6376.0,1950
6378.0,1951
6416.0,1952
6426.0,1953
6436.0,1954
6437.0,1955
6438.0,1956
6439.0,1957
6443.0,1958
6463.0,1959
6487.0,1960
6491.0,1961
6497.0,1962
6500.0,1963
6502.0,1964
6503.0,1965
6504.0,1966
6515.0,1967
6543.0,1968
6549.0,1969
6550.0,1970
6565.0,1971
6568.0,1972
6569.0,1973
6571.0,1974
6581.0,1975
6588.0,1976
6591.0,1977
6593.0,1978
6597.0,1979
6600.0,1980
6601.0,1981
6603.0,1982
6604.0,1983
6609.0,1984
6616.0,1985
6627.0,1986
6672.0,1987
6679.0,1988
6696.0,1989
6718.0,1990
6721.0,1991
6749.0,1992
6750.0,1993
6751.0,1994
6757.0,1995
6763.0,1996
6764.0,1997
6768.0,1998
6778.0,1999
6779.0,2000
6780.0,2001
6783.0,2002
6794.0,2003
6810.0,2004
6811.0,2005
6812.0,2006
6850.0,2007
6884.0,2008
6965.0,2009
6974.0,2010
6975.0,2011
6976.0,2012
6986.0,2013
6987.0,2014
6988.0,2015
6989.0,2016
6996.0,2017
7015.0,2018
7043.0,2019
7044.0,2020
7045.0,2021
7120.0,2022
7140.0,2023
7141.0,2024
7142.0,2025
7154.0,2026
7286.0,2027
7287.0,2028
7326.0,2029
7344.0,2030
7346.0,2031
7347.0,2032
7348.0,2033
7360.0,2034
7366.0,2035
7420.0,2036
7432.0,2037
7453.0,2038
7469.0,2039
7476.0,2040
7481.0,2041
7482.0,2042
7489.0,2043
7490.0,2044
7507.0,2045
7510.0,2046
7511.0,2047
7512.0,2048
7513.0,2049
7523.0,2050
7535.0,2051
7562.0,2052
7567.0,2053
7568.0,2054
7569.0,2055
7570.0,2056
7571.0,2057
7572.0,2058
7573.0,2059
7574.0,2060
7575.0,2061
7576.0,2062
7578.0,2063
7579.0,2064
7581.0,2065
7583.0,2066
7585.0,2067
7595.0,2068
7596.0,2069
7597.0,2070
7598.0,2071
7600.0,2072
7616.0,2073
7620.0,2074
7626.0,2075
7662.0,2076
7676.0,2077
7677.0,2078
7682.0,2079
7696.0,2080
7737.0,2081
7770.0,2082
7774.0,2083
7785.0,2084
7789.0,2085
7790.0,2086
7795.0,2087
7806.0,2088
7812.0,2089
7868.0,2090
7869.0,2091
7881.0,2092
7891.0,2093
7894.0,2094
7947.0,2095
7976.0,2096
7977.0,2097
7981.0,2098
7982.0,2099
7983.0,2100
8012.0,2101
8061.0,2102
8068.0,2103
8111.0,2104
8112.0,2105
8201.0,2106
8214.0,2107
8246.0,2108
8291.0,2109
8295.0,2110
8320.0,2111
8370.0,2112
8371.0,2113
8387.0,2114
8393.0,2115
8394.0,2116
8437.0,2117
8462.0,2118
8545.0,2119
8558.0,2120
8574.0,2121
8595.0,2122
8611.0,2123
8658.0,2124
8661.0,2125
8674.0,2126
8678.0,2127
8710.0,2128
8713.0,2129
8714.0,2130
8716.0,2131
8718.0,2132
8719.0,2133
8721.0,2134
8723.0,2135
8725.0,2136
8741.0,2137
8760.0,2138
8806.0,2139
8815.0,2140
8871.0,2141
8872.0,2142
8873.0,2143
8875.0,2144
8889.0,2145
8891.0,2146
8892.0,2147
8893.0,2148
8895.0,2149
8896.0,2150
8900.0,2151
8901.0,2152
8902.0,2153
8903.0,2154
8907.0,2155
8911.0,2156
8912.0,2157
8913.0,2158
8916.0,2159
8922.0,2160
8932.0,2161
8933.0,2162
8941.0,2163
8944.0,2164
8949.0,2165
8958.0,2166
8972.0,2167
8974.0,2168
8976.0,2169
8977.0,2170
8979.0,2171
8980.0,2172
8981.0,2173
8982.0,2174
8983.0,2175
8984.0,2176
8985.0,2177
8986.0,2178
8989.0,2179
8992.0,2180
9006.0,2181
9007.0,2182
9008.0,2183
9009.0,2184
9010.0,2185
9011.0,2186
9012.0,2187
9015.0,2188
9019.0,2189
9020.0,2190
9023.0,2191
9024.0,2192
9029.0,2193
9037.0,2194
9046.0,2195
9047.0,2196
9056.0,2197
9063.0,2198
9070.0,2199
9076.0,2200
9077.0,2201
9078.0,2202
9079.0,2203
9080.0,2204
9081.0,2205
9082.0,2206
9084.0,2207
9085.0,2208
9086.0,2209
9093.0,2210
9094.0,2211
9095.0,2212
9151.0,2213
9161.0,2214
9176.0,2215
9177.0,2216
9182.0,2217
9184.0,2218
9196.0,2219
9202.0,2220
9203.0,2221
9204.0,2222
9205.0,2223
9207.0,2224
9213.0,2225
9226.0,2226
9228.0,2227
9229.0,2228
9237.0,2229
9240.0,2230
9241.0,2231
9242.0,2232
9243.0,2233
9248.0,2234
9249.0,2235
9250.0,2236
9251.0,2237
9252.0,2238
9253.0,2239
9254.0,2240
9272.0,2241
9273.0,2242
9286.0,2243
9287.0,2244
9288.0,2245
9289.0,2246
9290.0,2247
9291.0,2248
9295.0,2249
9296.0,2250
9297.0,2251
9298.0,2252
9299.0,2253
9306.0,2254
9310.0,2255
9313.0,2256
9316.0,2257
9317.0,2258
9318.0,2259
9319.0,2260
9320.0,2261
9322.0,2262
9323.0,2263
9324.0,2264
9325.0,2265
9327.0,2266
9328.0,2267
9329.0,2268
9333.0,2269
9335.0,2270
9339.0,2271
9341.0,2272
9342.0,2273
9343.0,2274
9344.0,2275
9345.0,2276
9349.0,2277
9358.0,2278
9359.0,2279
9366.0,2280
9367.0,2281
9369.0,2282
9370.0,2283
9372.0,2284
9373.0,2285
9375.0,2286
9376.0,2287
9413.0,2288
9414.0,2289
9417.0,2290
9421.0,2291
9426.0,2292
9436.0,2293
9437.0,2294
9440.0,2295
9442.0,2296
9446.0,2297
9449.0,2298
9455.0,2299
9457.0,2300
9460.0,2301
9461.0,2302
9463.0,2303
9464.0,2304
9465.0,2305
9466.0,2306
9468.0,2307
9469.0,2308
9470.0,2309
9471.0,2310
9472.0,2311
9479.0,2312
9488.0,2313
9489.0,2314
9492.0,2315
9493.0,2316
9494.0,2317
9498.0,2318
9501.0,2319
9505.0,2320
9506.0,2321
9507.0,2322
9512.0,2323
9517.0,2324
9518.0,2325
9519.0,2326
9520.0,2327
9521.0,2328
9525.0,2329
9527.0,2330
9530.0,2331
9536.0,2332
9537.0,2333
9546.0,2334
9547.0,2335
9550.0,2336
9553.0,2337
9557.0,2338
9558.0,2339
9571.0,2340
9573.0,2341
9574.0,2342
9575.0,2343
9576.0,2344
9577.0,2345
9584.0,2346
9610.0,2347
9612.0,2348
9613.0,2349
9616.0,2350
9622.0,2351
9623.0,2352
9625.0,2353
9626.0,2354
9627.0,2355
9635.0,2356
9653.0,2357
9654.0,2358
9655.0,2359
9656.0,2360
9657.0,2361
9658.0,2362
9659.0,2363
9660.0,2364
9661.0,2365
9662.0,2366
9663.0,2367
9664.0,2368
9693.0,2369
9694.0,2370
9699.0,2371
9702.0,2372
9711.0,2373
9713.0,2374
9715.0,2375
9723.0,2376
9724.0,2377
9733.0,2378
9734.0,2379
9735.0,2380
9742.0,2381
9753.0,2382
9763.0,2383
9764.0,2384
9765.0,2385
9842.0,2386
9848.0,2387
9849.0,2388
9867.0,2389
9869.0,2390
9870.0,2391
9872.0,2392
9873.0,2393
9874.0,2394
9879.0,2395
9881.0,2396
9882.0,2397
9884.0,2398
9933.0,2399
9934.0,2400
9935.0,2401
9936.0,2402
9937.0,2403
9938.0,2404
9942.0,2405
9944.0,2406
9945.0,2407
9946.0,2408
9947.0,2409
9948.0,2410
9949.0,2411
9950.0,2412
9954.0,2413
9971.0,2414
9988.0,2415
9991.0,2416
9992.0,2417
9993.0,2418
9996.0,2419
9997.0,2420
9998.0,2421
10000.0,2422
10021.0,2423
10024.0,2424
10025.0,2425
10026.0,2426
10039.0,2427
10040.0,2428
10041.0,2429
10072.0,2430
10090.0,2431
10093.0,2432
10096.0,2433
10101.0,2434
10102.0,2435
10103.0,2436
10104.0,2437
10121.0,2438
10131.0,2439
10156.0,2440
10157.0,2441
10158.0,2442
10159.0,2443
10160.0,2444
10162.0,2445
10163.0,2446
10164.0,2447
10165.0,2448
10166.0,2449
10170.0,2450
10171.0,2451
10172.0,2452
10173.0,2453
10174.0,2454
10175.0,2455
10176.0,2456
10177.0,2457
10178.0,2458
10179.0,2459
10180.0,2460
10181.0,2461
10182.0,2462
10205.0,2463
10211.0,2464
10214.0,2465
10216.0,2466
10217.0,2467
10218.0,2468
10219.0,2469
10220.0,2470
10227.0,2471
10230.0,2472
10244.0,2473
10246.0,2474
10250.0,2475
10251.0,2476
10252.0,2477
10253.0,2478
10254.0,2479
10255.0,2480
10256.0,2481
10258.0,2482
10262.0,2483
10263.0,2484
10265.0,2485
10266.0,2486
10270.0,2487
10272.0,2488
10273.0,2489
10275.0,2490
10277.0,2491
10280.0,2492
10282.0,2493
10286.0,2494
10321.0,2495
10327.0,2496
10330.0,2497
10331.0,2498
10332.0,2499
10347.0,2500
10360.0,2501
10362.0,2502
10372.0,2503
10384.0,2504
10395.0,2505
10406.0,2506
10407.0,2507
10409.0,2508
10413.0,2509
10419.0,2510
10420.0,2511
10421.0,2512
10422.0,2513
10423.0,2514
10424.0,2515
10425.0,2516
10426.0,2517
10427.0,2518
10429.0,2519
10430.0,2520
10431.0,2521
10432.0,2522
10434.0,2523
10448.0,2524
10451.0,2525
10453.0,2526
10454.0,2527
10464.0,2528
10469.0,2529
10471.0,2530
10472.0,2531
10473.0,2532
10474.0,2533
10476.0,2534
10480.0,2535
10482.0,2536
10491.0,2537
10504.0,2538
10510.0,2539
10522.0,2540
10523.0,2541
10527.0,2542
10531.0,2543
10534.0,2544
10538.0,2545
10539.0,2546
10540.0,2547
10542.0,2548
10545.0,2549
10546.0,2550
10551.0,2551
10552.0,2552
10564.0,2553
10569.0,2554
10570.0,2555
10571.0,2556
10573.0,2557
10589.0,2558
10597.0,2559
10598.0,2560
10599.0,2561
10600.0,2562
10610.0,2563
10643.0,2564
10650.0,2565
10651.0,2566
10652.0,2567
10653.0,2568
10654.0,2569
10655.0,2570
10656.0,2571
10657.0,2572
10673.0,2573
10675.0,2574
10676.0,2575
10677.0,2576
10678.0,2577
10695.0,2578
10698.0,2579
10699.0,2580
10703.0,2581
10707.0,2582
10708.0,2583
10709.0,2584
10710.0,2585
10711.0,2586
10713.0,2587
10714.0,2588
10715.0,2589
10718.0,2590
10723.0,2591
10725.0,2592
10728.0,2593
10736.0,2594
10747.0,2595
10748.0,2596
10749.0,2597
10750.0,2598
10751.0,2599
10752.0,2600
10757.0,2601
10759.0,2602
10761.0,2603
10764.0,2604
10767.0,2605
10768.0,2606
10769.0,2607
10772.0,2608
10773.0,2609
10774.0,2610
10775.0,2611
10776.0,2612
10784.0,2613
10786.0,2614
10797.0,2615
10798.0,2616
10799.0,2617
10800.0,2618
10801.0,2619
10802.0,2620
10803.0,2621
10804.0,2622
10805.0,2623
10807.0,2624
10808.0,2625
10809.0,2626
10810.0,2627
10811.0,2628
10812.0,2629
10813.0,2630
10814.0,2631
10815.0,2632
10816.0,2633
10817.0,2634
10818.0,2635
10819.0,2636
10820.0,2637
10821.0,2638
10822.0,2639
10823.0,2640
10824.0,2641
10825.0,2642
10826.0,2643
10827.0,2644
10828.0,2645
10829.0,2646
10830.0,2647
10833.0,2648
10834.0,2649
10835.0,2650
10836.0,2651
10837.0,2652
10838.0,2653
10839.0,2654
10840.0,2655
10844.0,2656
10845.0,2657
10855.0,2658
10859.0,2659
10864.0,2660
10865.0,2661
10866.0,2662
10867.0,2663
10868.0,2664
10869.0,2665
10870.0,2666
10871.0,2667
10872.0,2668
10874.0,2669
10875.0,2670
10879.0,2671
10881.0,2672
10882.0,2673
10885.0,2674
10886.0,2675
10888.0,2676
10891.0,2677
10892.0,2678
10895.0,2679
10902.0,2680
10903.0,2681
10917.0,2682
10919.0,2683
10926.0,2684
10937.0,2685
10942.0,2686
10950.0,2687
10951.0,2688
10952.0,2689
10953.0,2690
10971.0,2691
10972.0,2692
10973.0,2693
10974.0,2694
10975.0,2695
10976.0,2696
10977.0,2697
10978.0,2698
10981.0,2699
10982.0,2700
10984.0,2701
10986.0,2702
10987.0,2703
10988.0,2704
10989.0,2705
10990.0,2706
10991.0,2707
10992.0,2708
10993.0,2709
10994.0,2710
10995.0,2711
10996.0,2712
10997.0,2713
10998.0,2714
10999.0,2715
11000.0,2716
11001.0,2717
11003.0,2718
11004.0,2719
11005.0,2720
11006.0,2721
11007.0,2722
11008.0,2723
11012.0,2724
11014.0,2725
11021.0,2726
11022.0,2727
11023.0,2728
11024.0,2729
11025.0,2730
11034.0,2731
11035.0,2732
11038.0,2733
11046.0,2734
11047.0,2735
11048.0,2736
11049.0,2737
11050.0,2738
11051.0,2739
11052.0,2740
11053.0,2741
11054.0,2742
11055.0,2743
11056.0,2744
11057.0,2745
11058.0,2746
11059.0,2747
11060.0,2748
11062.0,2749
11066.0,2750
11067.0,2751
11068.0,2752
11070.0,2753
11082.0,2754
11084.0,2755
11085.0,2756
11091.0,2757
11092.0,2758
11093.0,2759
11094.0,2760
11097.0,2761
11098.0,2762
11104.0,2763
11109.0,2764
11111.0,2765
11116.0,2766
11117.0,2767
11123.0,2768
11131.0,2769
11134.0,2770
11140.0,2771
11145.0,2772
11149.0,2773
11161.0,2774
11170.0,2775
11179.0,2776
11191.0,2777
11203.0,2778
11235.0,2779
11238.0,2780
11256.0,2781
11265.0,2782
11266.0,2783
11269.0,2784
11277.0,2785
11278.0,2786
11279.0,2787
11280.0,2788
11281.0,2789
11282.0,2790
11283.0,2791
11284.0,2792
11285.0,2793
11286.0,2794
11292.0,2795
11295.0,2796
11296.0,2797
11297.0,2798
11312.0,2799
11319.0,2800
11320.0,2801
11328.0,2802
11332.0,2803
11333.0,2804
11338.0,2805
11340.0,2806
11365.0,2807
11366.0,2808
11367.0,2809
11368.0,2810
11370.0,2811
11375.0,2812
11376.0,2813
11377.0,2814
11378.0,2815
11382.0,2816
11383.0,2817
11387.0,2818
11399.0,2819
11400.0,2820
11401.0,2821
11402.0,2822
11403.0,2823
11404.0,2824
11405.0,2825
11406.0,2826
11407.0,2827
11408.0,2828
11409.0,2829
11410.0,2830
11414.0,2831
11423.0,2832
11437.0,2833
11438.0,2834
11439.0,2835
11440.0,2836
11441.0,2837
11442.0,2838
11443.0,2839
11444.0,2840
11447.0,2841
11451.0,2842
11466.0,2843
11478.0,2844
11479.0,2845
11493.0,2846
11495.0,2847
11497.0,2848
11499.0,2849
11501.0,2850
11502.0,2851
11504.0,2852
11505.0,2853
11507.0,2854
11508.0,2855
11509.0,2856
11522.0,2857
11524.0,2858
11525.0,2859
11531.0,2860
11536.0,2861
11549.0,2862
11557.0,2863
11558.0,2864
11559.0,2865
11560.0,2866
11561.0,2867
11562.0,2868
11563.0,2869
11564.0,2870
11565.0,2871
11566.0,2872
11567.0,2873
11568.0,2874
11570.0,2875
11571.0,2876
11573.0,2877
11575.0,2878
11576.0,2879
11577.0,2880
11578.0,2881
11580.0,2882
11581.0,2883
11582.0,2884
11583.0,2885
11585.0,2886
11586.0,2887
11587.0,2888
11588.0,2889
11591.0,2890
11596.0,2891
11597.0,2892
11605.0,2893
11606.0,2894
11607.0,2895
11608.0,2896
11609.0,2897
11613.0,2898
11614.0,2899
11616.0,2900
11636.0,2901
11637.0,2902
11645.0,2903
11648.0,2904
11650.0,2905
11651.0,2906
11652.0,2907
11653.0,2908
11654.0,2909
11655.0,2910
11656.0,2911
11657.0,2912
11658.0,2913
11659.0,2914
11660.0,2915
11661.0,2916
11662.0,2917
11663.0,2918
11664.0,2919
11665.0,2920
11666.0,2921
11668.0,2922
11669.0,2923
11670.0,2924
11672.0,2925
11674.0,2926
11675.0,2927
11680.0,2928
11687.0,2929
11688.0,2930
11689.0,2931
11690.0,2932
11692.0,2933
11693.0,2934
11694.0,2935
11695.0,2936
11717.0,2937
11718.0,2938
11719.0,2939
11720.0,2940
11721.0,2941
11722.0,2942
11723.0,2943
11724.0,2944
11725.0,2945
11726.0,2946
11727.0,2947
11728.0,2948
11729.0,2949
11735.0,2950
11739.0,2951
11747.0,2952
11758.0,2953
11759.0,2954
11760.0,2955
11772.0,2956
11773.0,2957
11778.0,2958
11779.0,2959
11780.0,2960
11781.0,2961
11784.0,2962
11785.0,2963
11795.0,2964
11800.0,2965
11809.0,2966
11811.0,2967
11812.0,2968
11815.0,2969
11816.0,2970
11819.0,2971
11861.0,2972
11866.0,2973
11867.0,2974
11868.0,2975
11869.0,2976
11871.0,2977
11872.0,2978
11873.0,2979
11874.0,2980
11875.0,2981
11876.0,2982
11877.0,2983
11880.0,2984
11881.0,2985
11883.0,2986
11895.0,2987
11896.0,2988
11899.0,2989
11908.0,2990
11909.0,2991
11917.0,2992
11920.0,2993
11922.0,2994
11923.0,2995
11931.0,2996
11942.0,2997
11943.0,2998
11944.0,2999
11945.0,3000
11946.0,3001
11947.0,3002
11948.0,3003
11949.0,3004
11950.0,3005
11951.0,3006
11952.0,3007
11954.0,3008
11955.0,3009
11960.0,3010
11962.0,3011
11963.0,3012
11964.0,3013
11965.0,3014
11966.0,3015
11967.0,3016
11968.0,3017
11969.0,3018
11970.0,3019
11971.0,3020
11972.0,3021
11973.0,3022
11974.0,3023
11975.0,3024
11976.0,3025
11977.0,3026
11978.0,3027
11983.0,3028
11985.0,3029
11991.0,3030
11993.0,3031
11994.0,3032
11995.0,3033
11996.0,3034
11997.0,3035
11998.0,3036
11999.0,3037
12000.0,3038
12001.0,3039
12002.0,3040
12003.0,3041
12004.0,3042
12005.0,3043
12007.0,3044
12008.0,3045
12011.0,3046
12012.0,3047
12013.0,3048
12014.0,3049
12015.0,3050
12016.0,3051
12018.0,3052
12019.0,3053
12021.0,3054
12022.0,3055
12024.0,3056
12025.0,3057
12026.0,3058
12033.0,3059
12034.0,3060
12037.0,3061
12042.0,3062
12082.0,3063
12083.0,3064
12085.0,3065
12086.0,3066
12090.0,3067
12094.0,3068
12095.0,3069
12100.0,3070
12101.0,3071
12104.0,3072
12107.0,3073
12116.0,3074
12166.0,3075
12167.0,3076
12174.0,3077
12208.0,3078
12209.0,3079
12280.0,3080
12281.0,3081
12353.0,3082
12354.0,3083
12355.0,3084
12400.0,3085
12429.0,3086
12430.0,3087
12437.0,3088
12438.0,3089
12515.0,3090
12516.0,3091
12517.0,3092
12518.0,3093
12595.0,3094
12596.0,3095
12603.0,3096
12604.0,3097
12605.0,3098
12606.0,3099
12723.0,3100
12724.0,3101
12727.0,3102
12728.0,3103
12738.0,3104
12739.0,3105
12741.0,3106
12745.0,3107
12746.0,3108
12749.0,3109
12755.0,3110
12756.0,3111
12757.0,3112
12758.0,3113
12759.0,3114
12760.0,3115
12761.0,3116
12762.0,3117
12763.0,3118
12764.0,3119
12767.0,3120
12778.0,3121
12779.0,3122
12780.0,3123
12781.0,3124
12782.0,3125
12783.0,3126
12784.0,3127
12785.0,3128
12786.0,3129
12787.0,3130
12788.0,3131
12789.0,3132
12790.0,3133
12791.0,3134
12792.0,3135
12793.0,3136
12795.0,3137
12796.0,3138
12813.0,3139
12833.0,3140
12834.0,3141
12835.0,3142
12836.0,3143
12837.0,3144
12840.0,3145
12841.0,3146
12842.0,3147
12843.0,3148
12844.0,3149
12845.0,3150
12846.0,3151
12847.0,3152
12849.0,3153
12850.0,3154
12851.0,3155
12852.0,3156
12864.0,3157
12865.0,3158
12866.0,3159
12867.0,3160
12869.0,3161
12871.0,3162
12872.0,3163
12873.0,3164
12875.0,3165
12880.0,3166
12886.0,3167
12887.0,3168
12888.0,3169
12891.0,3170
12892.0,3171
12893.0,3172
12895.0,3173
12896.0,3174
12899.0,3175
12904.0,3176
12906.0,3177
12907.0,3178
12908.0,3179
12910.0,3180
12911.0,3181
12914.0,3182
12915.0,3183
12916.0,3184
12919.0,3185
12920.0,3186
12921.0,3187
12924.0,3188
12925.0,3189
12927.0,3190
12928.0,3191
12930.0,3192
12931.0,3193
12932.0,3194
12933.0,3195
12934.0,3196
12946.0,3197
12960.0,3198
12963.0,3199
12967.0,3200
12968.0,3201
12969.0,3202
12970.0,3203
12971.0,3204
12978.0,3205
12981.0,3206
12982.0,3207
12986.0,3208
12993.0,3209
12995.0,3210
12996.0,3211
12999.0,3212
13002.0,3213
13003.0,3214
13013.0,3215
13015.0,3216
13016.0,3217
13018.0,3218
13019.0,3219
13022.0,3220
13023.0,3221
13034.0,3222
13063.0,3223
13064.0,3224
13073.0,3225
13075.0,3226
13076.0,3227
13116.0,3228
13118.0,3229
13119.0,3230
13129.0,3231
13133.0,3232
13134.0,3233
13136.0,3234
13137.0,3235
13140.0,3236
13141.0,3237
13144.0,3238
13146.0,3239
13147.0,3240
13150.0,3241
13153.0,3242
13155.0,3243
13156.0,3244
13160.0,3245
13161.0,3246
13163.0,3247
13164.0,3248
13166.0,3249
13168.0,3250
13170.0,3251
13171.0,3252
13172.0,3253
13183.0,3254
13199.0,3255
13201.0,3256
13202.0,3257
13204.0,3258
13206.0,3259
13209.0,3260
13211.0,3261
13216.0,3262
13221.0,3263
13222.0,3264
13223.0,3265
13224.0,3266
13225.0,3267
13226.0,3268
13227.0,3269
13228.0,3270
13229.0,3271
13234.0,3272
13235.0,3273
13236.0,3274
13237.0,3275
13238.0,3276
13239.0,3277
13240.0,3278
13241.0,3279
13243.0,3280
13244.0,3281
13246.0,3282
13249.0,3283
13250.0,3284
13251.0,3285
13255.0,3286
13257.0,3287
13258.0,3288
13260.0,3289
13261.0,3290
13262.0,3291
13263.0,3292
13264.0,3293
13265.0,3294
13268.0,3295
13269.0,3296
13270.0,3297
13273.0,3298
13274.0,3299
13275.0,3300
13277.0,3301
13279.0,3302
13280.0,3303
13283.0,3304
13288.0,3305
13294.0,3306
13297.0,3307
13298.0,3308
13300.0,3309
13301.0,3310
13302.0,3311
13303.0,3312
13304.0,3313
13305.0,3314
13306.0,3315
13308.0,3316
13309.0,3317
13311.0,3318
13312.0,3319
13313.0,3320
13314.0,3321
13316.0,3322
13317.0,3323
13319.0,3324
13322.0,3325
13325.0,3326
13328.0,3327
13330.0,3328
13333.0,3329
13334.0,3330
13335.0,3331
13343.0,3332
13344.0,3333
13345.0,3334
13349.0,3335
13352.0,3336
13363.0,3337
13392.0,3338
13397.0,3339
13398.0,3340
13399.0,3341
13402.0,3342
13410.0,3343
13411.0,3344
13412.0,3345
13413.0,3346
13414.0,3347
13415.0,3348
13416.0,3349
13417.0,3350
13418.0,3351
13419.0,3352
13420.0,3353
13421.0,3354
13422.0,3355
13423.0,3356
13424.0,3357
13430.0,3358
13445.0,3359
13448.0,3360
13458.0,3361
13459.0,3362
13460.0,3363
13462.0,3364
13463.0,3365
13469.0,3366
13472.0,3367
13484.0,3368
13502.0,3369
13504.0,3370
13505.0,3371
13506.0,3372
13510.0,3373
13511.0,3374
13512.0,3375
13528.0,3376
13532.0,3377
13537.0,3378
13544.0,3379
13547.0,3380
13548.0,3381
13549.0,3382
13555.0,3383
13560.0,3384
13561.0,3385
13565.0,3386
13567.0,3387
13575.0,3388
13576.0,3389
13580.0,3390
13597.0,3391
13610.0,3392
13623.0,3393
13627.0,3394
13655.0,3395
13684.0,3396
13698.0,3397
13699.0,3398
13700.0,3399
13701.0,3400
13702.0,3401
13703.0,3402
13706.0,3403
13707.0,3404
13708.0,3405
13710.0,3406
13711.0,3407
13713.0,3408
13717.0,3409
13728.0,3410
13732.0,3411
13741.0,3412
13746.0,3413
13751.0,3414
13752.0,3415
13771.0,3416
13772.0,3417
13773.0,3418
13774.0,3419
13775.0,3420
13777.0,3421
13866.0,3422
13871.0,3423
13877.0,3424
13896.0,3425
13900.0,3426
13901.0,3427
13902.0,3428
13903.0,3429
13904.0,3430
13905.0,3431
13906.0,3432
13907.0,3433
13908.0,3434
13909.0,3435
13910.0,3436
13911.0,3437
13912.0,3438
13913.0,3439
13915.0,3440
13925.0,3441
13930.0,3442
13932.0,3443
13935.0,3444
13939.0,3445
13974.0,3446
13975.0,3447
13976.0,3448
13977.0,3449
13985.0,3450
13986.0,3451
13987.0,3452
14002.0,3453
14003.0,3454
14004.0,3455
14012.0,3456
14013.0,3457
14038.0,3458
14039.0,3459
14041.0,3460
14065.0,3461
14165.0,3462
14167.0,3463
14168.0,3464
14169.0,3465
14170.0,3466
14171.0,3467
14172.0,3468
14173.0,3469
14174.0,3470
14175.0,3471
14177.0,3472
14182.0,3473
14183.0,3474
14184.0,3475
14209.0,3476
14215.0,3477
14217.0,3478
14218.0,3479
14219.0,3480
14221.0,3481
14222.0,3482
14225.0,3483
14226.0,3484
14231.0,3485
14232.0,3486
14235.0,3487
14238.0,3488
14241.0,3489
14244.0,3490
14245.0,3491
14246.0,3492
14247.0,3493
14248.0,3494
14264.0,3495
14267.0,3496
14268.0,3497
14284.0,3498
14285.0,3499
14286.0,3500
14287.0,3501
14288.0,3502
14289.0,3503
14369.0,3504
14370.0,3505
14375.0,3506
14376.0,3507
14381.0,3508
14382.0,3509
14383.0,3510
14384.0,3511
14389.0,3512
14391.0,3513
14395.0,3514
14397.0,3515
14400.0,3516
14405.0,3517
14409.0,3518
14411.0,3519
14413.0,3520
14419.0,3521
14425.0,3522
14426.0,3523
14427.0,3524
14428.0,3525
14429.0,3526
14430.0,3527
14431.0,3528
14433.0,3529
14434.0,3530
14437.0,3531
14438.0,3532
14440.0,3533
14442.0,3534
14444.0,3535
14445.0,3536
14449.0,3537
14450.0,3538
14451.0,3539
14452.0,3540
14453.0,3541
14454.0,3542
14455.0,3543
14456.0,3544
14457.0,3545
14458.0,3546
14459.0,3547
14461.0,3548
14462.0,3549
14463.0,3550
14464.0,3551
14465.0,3552
14466.0,3553
14467.0,3554
14468.0,3555
14469.0,3556
14470.0,3557
14471.0,3558
14472.0,3559
14476.0,3560
14487.0,3561
14488.0,3562
14489.0,3563
14490.0,3564
14491.0,3565
14492.0,3566
14493.0,3567
14494.0,3568
14495.0,3569
14496.0,3570
14497.0,3571
14498.0,3572
14499.0,3573
14500.0,3574
14501.0,3575
14502.0,3576
14503.0,3577
14505.0,3578
14517.0,3579
14527.0,3580
14528.0,3581
14530.0,3582
14531.0,3583
14532.0,3584
14535.0,3585
14541.0,3586
14542.0,3587
14544.0,3588
14545.0,3589
14551.0,3590
14552.0,3591
14553.0,3592
14554.0,3593
14556.0,3594
14557.0,3595
14561.0,3596
14562.0,3597
14563.0,3598
14564.0,3599
14565.0,3600
14566.0,3601
14567.0,3602
14568.0,3603
14569.0,3604
14570.0,3605
14571.0,3606
14572.0,3607
14574.0,3608
14575.0,3609
14577.0,3610
14578.0,3611
14579.0,3612
14581.0,3613
14582.0,3614
14583.0,3615
14584.0,3616
14585.0,3617
14586.0,3618
14588.0,3619
14589.0,3620
14590.0,3621
14591.0,3622
14592.0,3623
14593.0,3624
14594.0,3625
14595.0,3626
14596.0,3627
14597.0,3628
14600.0,3629
14601.0,3630
14602.0,3631
14603.0,3632
14606.0,3633
14607.0,3634
14608.0,3635
14609.0,3636
14610.0,3637
14611.0,3638
14612.0,3639
14613.0,3640
14614.0,3641
14615.0,3642
14616.0,3643
14618.0,3644
14619.0,3645
14620.0,3646
14621.0,3647
14622.0,3648
14623.0,3649
14624.0,3650
14625.0,3651
14626.0,3652
14627.0,3653
14628.0,3654
14629.0,3655
14630.0,3656
14632.0,3657
14637.0,3658
14641.0,3659
14645.0,3660
14646.0,3661
14647.0,3662
14648.0,3663
14649.0,3664
14650.0,3665
14651.0,3666
14652.0,3667
14653.0,3668
14654.0,3669
14655.0,3670
14656.0,3671
14657.0,3672
14658.0,3673
14659.0,3674
14670.0,3675
14671.0,3676
14673.0,3677
14674.0,3678
14675.0,3679
14676.0,3680
14677.0,3681
14678.0,3682
14680.0,3683
14681.0,3684
14682.0,3685
14683.0,3686
14686.0,3687
14687.0,3688
14696.0,3689
14697.0,3690
14698.0,3691
14699.0,3692
14700.0,3693
14709.0,3694
14710.0,3695
14711.0,3696
14712.0,3697
14713.0,3698
14715.0,3699
14716.0,3700
14717.0,3701
14718.0,3702
14719.0,3703
14720.0,3704
14721.0,3705
14722.0,3706
14723.0,3707
14724.0,3708
14725.0,3709
14726.0,3710
14727.0,3711
14728.0,3712
14729.0,3713
14730.0,3714
14731.0,3715
14732.0,3716
14733.0,3717
14736.0,3718
14740.0,3719
14746.0,3720
14748.0,3721
14749.0,3722
14750.0,3723
14753.0,3724
14754.0,3725
14761.0,3726
14782.0,3727
14786.0,3728
14788.0,3729
14789.0,3730
14790.0,3731
14791.0,3732
14792.0,3733
14793.0,3734
14794.0,3735
14797.0,3736
14798.0,3737
14803.0,3738
14804.0,3739
14842.0,3740
14843.0,3741
14846.0,3742
14848.0,3743
14852.0,3744
14859.0,3745
14860.0,3746
14863.0,3747
14864.0,3748
14865.0,3749
14866.0,3750
14867.0,3751
14868.0,3752
14881.0,3753
14888.0,3754
14889.0,3755
14890.0,3756
14891.0,3757
14897.0,3758
14905.0,3759
14906.0,3760
14907.0,3761
14908.0,3762
14909.0,3763
14910.0,3764
14911.0,3765
14912.0,3766
14913.0,3767
14914.0,3768
14915.0,3769
14916.0,3770
14919.0,3771
14920.0,3772
14921.0,3773
14922.0,3774
14923.0,3775
14924.0,3776
14925.0,3777
14926.0,3778
14927.0,3779
14928.0,3780
14929.0,3781
14930.0,3782
14931.0,3783
14935.0,3784
14936.0,3785
14938.0,3786
14939.0,3787
14940.0,3788
14941.0,3789
14942.0,3790
14943.0,3791
14945.0,3792
14948.0,3793
14950.0,3794
14952.0,3795
14953.0,3796
14954.0,3797
14956.0,3798
14957.0,3799
14959.0,3800
14961.0,3801
14962.0,3802
14963.0,3803
14964.0,3804
15000.0,3805
15001.0,3806
15003.0,3807
15005.0,3808
15006.0,3809
15008.0,3810
15013.0,3811
15014.0,3812
15025.0,3813
15036.0,3814
15048.0,3815
15051.0,3816
15059.0,3817
15079.0,3818
15080.0,3819
15087.0,3820
15092.0,3821
15096.0,3822
15098.0,3823
15104.0,3824
15106.0,3825
15115.0,3826
15117.0,3827
15121.0,3828
15122.0,3829
15128.0,3830
15131.0,3831
15151.0,3832
15178.0,3833
15184.0,3834
15232.0,3835
15233.0,3836
15234.0,3837
15235.0,3838
15236.0,3839
15237.0,3840
15238.0,3841
15239.0,3842
15240.0,3843
15241.0,3844
15242.0,3845
15243.0,3846
15267.0,3847
15270.0,3848
15271.0,3849
15272.0,3850
15279.0,3851
15295.0,3852
15311.0,3853
15312.0,3854
15317.0,3855
15318.0,3856
15319.0,3857
15321.0,3858
15322.0,3859
15323.0,3860
15328.0,3861
15329.0,3862
15337.0,3863
15340.0,3864
15351.0,3865
15352.0,3866
15353.0,3867
15354.0,3868
15355.0,3869
15366.0,3870
15372.0,3871
15415.0,3872
15422.0,3873
15429.0,3874
15439.0,3875
15444.0,3876
15449.0,3877
15457.0,3878
15458.0,3879
15459.0,3880
15460.0,3881
15461.0,3882
15462.0,3883
15463.0,3884
15464.0,3885
15465.0,3886
15474.0,3887
15475.0,3888
15476.0,3889
15480.0,3890
15481.0,3891
15482.0,3892
15483.0,3893
15485.0,3894
15486.0,3895
15487.0,3896
15488.0,3897
15489.0,3898
15490.0,3899
15494.0,3900
15500.0,3901
15501.0,3902
15502.0,3903
15508.0,3904
15509.0,3905
15510.0,3906
15511.0,3907
15513.0,3908
15516.0,3909
15518.0,3910
15549.0,3911
15550.0,3912
15551.0,3913
15552.0,3914
15553.0,3915
15554.0,3916
15558.0,3917
15559.0,3918
15560.0,3919
15561.0,3920
15562.0,3921
15565.0,3922
15566.0,3923
15569.0,3924
15570.0,3925
15571.0,3926
15573.0,3927
15574.0,3928
15575.0,3929
15576.0,3930
15577.0,3931
15586.0,3932
15587.0,3933
15588.0,3934
15589.0,3935
15590.0,3936
15591.0,3937
15592.0,3938
15593.0,3939
15594.0,3940
15595.0,3941
15596.0,3942
15600.0,3943
15610.0,3944
15624.0,3945
15629.0,3946
15633.0,3947
15640.0,3948
15644.0,3949
15645.0,3950
15646.0,3951
15647.0,3952
15649.0,3953
15650.0,3954
15651.0,3955
15652.0,3956
15653.0,3957
15654.0,3958
15655.0,3959
15656.0,3960
15657.0,3961
15658.0,3962
15659.0,3963
15661.0,3964
15662.0,3965
15663.0,3966
15664.0,3967
15665.0,3968
15666.0,3969
15667.0,3970
15668.0,3971
15669.0,3972
15670.0,3973
15671.0,3974
15673.0,3975
15674.0,3976
15675.0,3977
15678.0,3978
15680.0,3979
15681.0,3980
15683.0,3981
15684.0,3982
15685.0,3983
15686.0,3984
15687.0,3985
15688.0,3986
15700.0,3987
15701.0,3988
15702.0,3989
15705.0,3990
15707.0,3991
15708.0,3992
15709.0,3993
15710.0,3994
15711.0,3995
15712.0,3996
15717.0,3997
15718.0,3998
15719.0,3999
15720.0,4000
15721.0,4001
15722.0,4002
15723.0,4003
15724.0,4004
15725.0,4005
15726.0,4006
15727.0,4007
15728.0,4008
15729.0,4009
15730.0,4010
15732.0,4011
15733.0,4012
15734.0,4013
15735.0,4014
15736.0,4015
15738.0,4016
15739.0,4017
15740.0,4018
15745.0,4019
15746.0,4020
15747.0,4021
15748.0,4022
15749.0,4023
15750.0,4024
15751.0,4025
15752.0,4026
15753.0,4027
15758.0,4028
15760.0,4029
15761.0,4030
15763.0,4031
15764.0,4032
15770.0,4033
15772.0,4034
15778.0,4035
15779.0,4036
15780.0,4037
15781.0,4038
15782.0,4039
15783.0,4040
15784.0,4041
15786.0,4042
15787.0,4043
15788.0,4044
15789.0,4045
15790.0,4046
15791.0,4047
15792.0,4048
15803.0,4049
15804.0,4050
15805.0,4051
15806.0,4052
15807.0,4053
15808.0,4054
15809.0,4055
15810.0,4056
15811.0,4057
15812.0,4058
15813.0,4059
15814.0,4060
15815.0,4061
15816.0,4062
15817.0,4063
15818.0,4064
15819.0,4065
15820.0,4066
15821.0,4067
15822.0,4068
15823.0,4069
15824.0,4070
15828.0,4071
15829.0,4072
15830.0,4073
15831.0,4074
15836.0,4075
15841.0,4076
15858.0,4077
15873.0,4078
15874.0,4079
15876.0,4080
15877.0,4081
15881.0,4082
15883.0,4083
15885.0,4084
15886.0,4085
15887.0,4086
15888.0,4087
15889.0,4088
15892.0,4089
15894.0,4090
15897.0,4091
15898.0,4092
15899.0,4093
15900.0,4094
15901.0,4095
15902.0,4096
15903.0,4097
15904.0,4098
15905.0,4099
15906.0,4100
15907.0,4101
15910.0,4102
15912.0,4103
15916.0,4104
15917.0,4105
15918.0,4106
15919.0,4107
15920.0,4108
15921.0,4109
15922.0,4110
15923.0,4111
15924.0,4112
15925.0,4113
15926.0,4114
15927.0,4115
15938.0,4116
15942.0,4117
15944.0,4118
15945.0,4119
15947.0,4120
15948.0,4121
15949.0,4122
15953.0,4123
15954.0,4124
15955.0,4125
15956.0,4126
15961.0,4127
15962.0,4128
15963.0,4129
15964.0,4130
15965.0,4131
15966.0,4132
15967.0,4133
15968.0,4134
15969.0,4135
15970.0,4136
15971.0,4137
15972.0,4138
15973.0,4139
15975.0,4140
15976.0,4141
15979.0,4142
15980.0,4143
15981.0,4144
15988.0,4145
15989.0,4146
15990.0,4147
15991.0,4148
15992.0,4149
15993.0,4150
15995.0,4151
15996.0,4152
15997.0,4153
15998.0,4154
15999.0,4155
16000.0,4156
16017.0,4157
16018.0,4158
16019.0,4159
16020.0,4160
16032.0,4161
16064.0,4162
16067.0,4163
16112.0,4164
16113.0,4165
16114.0,4166
16115.0,4167
16116.0,4168
16117.0,4169
16118.0,4170
16119.0,4171
16120.0,4172
16122.0,4173
16126.0,4174
16129.0,4175
16130.0,4176
16131.0,4177
16132.0,4178
16134.0,4179
16136.0,4180
16137.0,4181
16139.0,4182
16155.0,4183
16156.0,4184
16157.0,4185
16159.0,4186
16161.0,4187
16162.0,4188
16163.0,4189
16165.0,4190
16166.0,4191
16167.0,4192
16168.0,4193
16169.0,4194
16170.0,4195
16171.0,4196
16172.0,4197
16173.0,4198
16174.0,4199
16175.0,4200
16186.0,4201
16187.0,4202
16189.0,4203
16190.0,4204
16192.0,4205
16193.0,4206
16194.0,4207
16195.0,4208
16196.0,4209
16197.0,4210
16198.0,4211
16199.0,4212
16200.0,4213
16202.0,4214
16204.0,4215
16205.0,4216
16206.0,4217
16207.0,4218
16208.0,4219
16209.0,4220
16210.0,4221
16211.0,4222
16212.0,4223
16213.0,4224
16214.0,4225
16221.0,4226
16229.0,4227
16233.0,4228
16234.0,4229
16235.0,4230
16236.0,4231
16237.0,4232
16238.0,4233
16239.0,4234
16244.0,4235
16255.0,4236
16282.0,4237
16283.0,4238
16287.0,4239
16288.0,4240
16304.0,4241
16305.0,4242
16306.0,4243
16309.0,4244
16310.0,4245
16313.0,4246
16316.0,4247
16337.0,4248
16341.0,4249
16357.0,4250
16358.0,4251
16360.0,4252
16361.0,4253
16362.0,4254
16367.0,4255
16368.0,4256
16390.0,4257
16393.0,4258
16394.0,4259
16395.0,4260
16396.0,4261
16397.0,4262
16398.0,4263
16399.0,4264
16400.0,4265
16401.0,4266
16402.0,4267
16404.0,4268
16406.0,4269
16408.0,4270
16409.0,4271
16410.0,4272
16427.0,4273
16428.0,4274
16430.0,4275
16431.0,4276
16432.0,4277
16433.0,4278
16434.0,4279
16435.0,4280
16436.0,4281
16437.0,4282
16438.0,4283
16439.0,4284
16440.0,4285
16441.0,4286
16445.0,4287
16455.0,4288
16456.0,4289
16457.0,4290
16460.0,4291
16461.0,4292
16462.0,4293
16463.0,4294
16464.0,4295
16465.0,4296
16466.0,4297
16467.0,4298
16468.0,4299
16469.0,4300
16470.0,4301
16471.0,4302
16472.0,4303
16473.0,4304
16474.0,4305
16478.0,4306
16479.0,4307
16483.0,4308
16485.0,4309
16486.0,4310
16488.0,4311
16491.0,4312
16493.0,4313
16494.0,4314
16495.0,4315
16496.0,4316
16497.0,4317
16498.0,4318
16499.0,4319
16500.0,4320
16502.0,4321
16503.0,4322
16504.0,4323
16505.0,4324
16506.0,4325
16507.0,4326
16508.0,4327
16509.0,4328
16510.0,4329
16515.0,4330
16521.0,4331
16524.0,4332
16532.0,4333
16533.0,4334
16546.0,4335
16561.0,4336
16562.0,4337
16563.0,4338
16564.0,4339
16565.0,4340
16566.0,4341
16567.0,4342
16568.0,4343
16569.0,4344
16570.0,4345
16571.0,4346
16572.0,4347
16581.0,4348
16583.0,4349
16600.0,4350
16602.0,4351
16609.0,4352
16625.0,4353
16634.0,4354
16637.0,4355
16638.0,4356
16639.0,4357
16648.0,4358
16673.0,4359
16674.0,4360
16675.0,4361
16676.0,4362
16677.0,4363
16678.0,4364
16679.0,4365
16680.0,4366
16681.0,4367
16685.0,4368
16693.0,4369
16712.0,4370
16713.0,4371
16715.0,4372
16719.0,4373
16720.0,4374
16721.0,4375
16722.0,4376
16723.0,4377
16724.0,4378
16726.0,4379
16727.0,4380
16728.0,4381
16755.0,4382
16756.0,4383
16763.0,4384
16764.0,4385
16765.0,4386
16766.0,4387
16767.0,4388
16768.0,4389
16769.0,4390
16770.0,4391
16771.0,4392
16785.0,4393
16786.0,4394
16787.0,4395
16854.0,4396
16861.0,4397
16864.0,4398
16876.0,4399
16877.0,4400
16879.0,4401
16881.0,4402
16882.0,4403
16884.0,4404
16888.0,4405
16890.0,4406
16894.0,4407
16895.0,4408
16900.0,4409
16902.0,4410
16903.0,4411
16909.0,4412
16915.0,4413
16916.0,4414
16917.0,4415
16918.0,4416
16919.0,4417
16920.0,4418
16922.0,4419
16923.0,4420
16924.0,4421
16925.0,4422
16926.0,4423
16927.0,4424
16928.0,4425
16929.0,4426
16930.0,4427
16931.0,4428
16932.0,4429
16933.0,4430
16934.0,4431
16935.0,4432
16936.0,4433
16937.0,4434
16938.0,4435
16939.0,4436
16940.0,4437
16943.0,4438
16944.0,4439
16945.0,4440
16946.0,4441
16947.0,4442
16948.0,4443
16951.0,4444
16952.0,4445
16953.0,4446
16954.0,4447
16955.0,4448
16956.0,4449
16957.0,4450
16958.0,4451
16959.0,4452
16960.0,4453
16961.0,4454
16964.0,4455
16965.0,4456
16967.0,4457
16968.0,4458
16969.0,4459
16971.0,4460
16972.0,4461
16973.0,4462
16974.0,4463
16975.0,4464
16978.0,4465
16980.0,4466
16981.0,4467
16985.0,4468
16986.0,4469
16987.0,4470
16988.0,4471
16989.0,4472
16991.0,4473
16993.0,4474
16994.0,4475
17009.0,4476
17010.0,4477
17011.0,4478
17013.0,4479
17018.0,4480
17021.0,4481
17022.0,4482
17023.0,4483
17024.0,4484
17025.0,4485
17026.0,4486
17027.0,4487
17028.0,4488
17029.0,4489
17033.0,4490
17036.0,4491
17037.0,4492
17038.0,4493
17039.0,4494
17040.0,4495
17041.0,4496
17069.0,4497
17070.0,4498
17071.0,4499
17072.0,4500
17073.0,4501
17074.0,4502
17075.0,4503
17076.0,4504
17080.0,4505
17081.0,4506
17082.0,4507
17084.0,4508
17085.0,4509
17086.0,4510
17087.0,4511
17088.0,4512
17089.0,4513
17090.0,4514
17091.0,4515
17093.0,4516
17094.0,4517
17099.0,4518
17103.0,4519
17106.0,4520
17114.0,4521
17122.0,4522
17123.0,4523
17124.0,4524
17127.0,4525
17128.0,4526
17129.0,4527
17130.0,4528
17131.0,4529
17132.0,4530
17134.0,4531
17135.0,4532
17136.0,4533
17140.0,4534
17141.0,4535
17142.0,4536
17143.0,4537
17144.0,4538
17162.0,4539
17164.0,4540
17167.0,4541
17173.0,4542
17174.0,4543
17175.0,4544
17176.0,4545
17177.0,4546
17178.0,4547
17179.0,4548
17180.0,4549
17181.0,4550
17182.0,4551
17192.0,4552
17193.0,4553
17195.0,4554
17197.0,4555
17198.0,4556
17199.0,4557
17200.0,4558
17201.0,4559
17202.0,4560
17203.0,4561
17204.0,4562
17205.0,4563
17206.0,4564
17207.0,4565
17208.0,4566
17209.0,4567
17210.0,4568
17211.0,4569
17212.0,4570
17213.0,4571
17214.0,4572
17215.0,4573
17216.0,4574
17218.0,4575
17219.0,4576
17220.0,4577
17222.0,4578
17224.0,4579
17225.0,4580
17228.0,4581
17232.0,4582
17234.0,4583
17235.0,4584
17236.0,4585
17241.0,4586
17244.0,4587
17245.0,4588
17247.0,4589
17248.0,4590
17249.0,4591
17250.0,4592
17251.0,4593
17252.0,4594
17253.0,4595
17254.0,4596
17255.0,4597
17256.0,4598
17258.0,4599
17259.0,4600
17260.0,4601
17262.0,4602
17263.0,4603
17264.0,4604
17265.0,4605
17266.0,4606
17267.0,4607
17268.0,4608
17269.0,4609
17270.0,4610
17271.0,4611
17272.0,4612
17273.0,4613
17276.0,4614
17281.0,4615
17283.0,4616
17284.0,4617
17285.0,4618
17286.0,4619
17287.0,4620
17288.0,4621
17290.0,4622
17291.0,4623
17292.0,4624
17293.0,4625
17294.0,4626
17295.0,4627
17296.0,4628
17297.0,4629
17298.0,4630
17299.0,4631
17300.0,4632
17301.0,4633
17302.0,4634
17304.0,4635
17305.0,4636
17306.0,4637
17307.0,4638
17349.0,4639
17350.0,4640
17351.0,4641
17352.0,4642
17353.0,4643
17354.0,4644
17355.0,4645
17356.0,4646
17357.0,4647
17358.0,4648
17359.0,4649
17362.0,4650
17363.0,4651
17365.0,4652
17367.0,4653
17370.0,4654
17371.0,4655
17373.0,4656
17374.0,4657
17383.0,4658
17384.0,4659
17386.0,4660
17387.0,4661
17388.0,4662
17389.0,4663
17390.0,4664
17391.0,4665
17392.0,4666
17393.0,4667
17394.0,4668
17395.0,4669
17396.0,4670
17397.0,4671
17398.0,4672
17399.0,4673
17400.0,4674
17401.0,4675
17402.0,4676
17403.0,4677
17404.0,4678
17406.0,4679
17407.0,4680
17408.0,4681
17409.0,4682
17411.0,4683
17412.0,4684
17413.0,4685
17419.0,4686
17420.0,4687
17421.0,4688
17425.0,4689
17427.0,4690
17428.0,4691
17433.0,4692
17435.0,4693
17436.0,4694
17449.0,4695
17450.0,4696
17451.0,4697
17452.0,4698
17453.0,4699
17454.0,4700
17466.0,4701
17469.0,4702
17471.0,4703
17472.0,4704
17478.0,4705
17479.0,4706
17480.0,4707
17481.0,4708
17484.0,4709
17485.0,4710
17487.0,4711
17488.0,4712
17490.0,4713
17492.0,4714
17493.0,4715
17496.0,4716
17497.0,4717
17498.0,4718
17499.0,4719
17501.0,4720
17502.0,4721
17503.0,4722
17504.0,4723
17505.0,4724
17508.0,4725
17509.0,4726
17511.0,4727
17515.0,4728
17520.0,4729
17521.0,4730
17522.0,4731
17524.0,4732
17528.0,4733
17530.0,4734
17548.0,4735
17550.0,4736
17577.0,4737
17588.0,4738
17608.0,4739
17609.0,4740
17610.0,4741
17611.0,4742
17612.0,4743
17613.0,4744
17614.0,4745
17615.0,4746
17616.0,4747
17618.0,4748
17619.0,4749
17622.0,4750
17623.0,4751
17626.0,4752
17779.0,4753
17780.0,4754
17783.0,4755
17791.0,4756
17822.0,4757
17825.0,4758
17826.0,4759
17827.0,4760
17828.0,4761
17829.0,4762
17830.0,4763
17831.0,4764
17833.0,4765
17834.0,4766
17835.0,4767
17836.0,4768
17837.0,4769
17838.0,4770
17839.0,4771
17840.0,4772
17841.0,4773
17842.0,4774
17843.0,4775
17845.0,4776
17863.0,4777
17869.0,4778
17874.0,4779
17903.0,4780
17912.0,4781
17938.0,4782
17939.0,4783
17940.0,4784
17942.0,4785
17943.0,4786
17944.0,4787
17945.0,4788
17946.0,4789
17947.0,4790
17949.0,4791
17950.0,4792
17951.0,4793
17952.0,4794
17953.0,4795
17954.0,4796
17965.0,4797
17968.0,4798
17969.0,4799
17976.0,4800
17977.0,4801
17979.0,4802
18004.0,4803
18005.0,4804
18063.0,4805
18096.0,4806
18108.0,4807
18109.0,4808
18110.0,4809
18111.0,4810
18112.0,4811
18113.0,4812
18114.0,4813
18115.0,4814
18116.0,4815
18117.0,4816
18118.0,4817
18119.0,4818
18120.0,4819
18122.0,4820
18125.0,4821
18126.0,4822
18127.0,4823
18129.0,4824
18130.0,4825
18138.0,4826
18141.0,4827
18142.0,4828
18154.0,4829
18158.0,4830
18170.0,4831
18187.0,4832
18188.0,4833
18192.0,4834
18221.0,4835
18222.0,4836
18223.0,4837
18224.0,4838
18227.0,4839
18228.0,4840
18229.0,4841
18230.0,4842
18231.0,4843
18232.0,4844
18233.0,4845
18234.0,4846
18235.0,4847
18238.0,4848
18239.0,4849
18240.0,4850
18242.0,4851
18243.0,4852
18244.0,4853
18245.0,4854
18246.0,4855
18247.0,4856
18248.0,4857
18249.0,4858
18250.0,4859
18251.0,4860
18258.0,4861
18262.0,4862
18263.0,4863
18264.0,4864
18265.0,4865
18266.0,4866
18267.0,4867
18268.0,4868
18269.0,4869
18270.0,4870
18288.0,4871
18290.0,4872
18291.0,4873
18292.0,4874
18294.0,4875
18298.0,4876
18301.0,4877
18310.0,4878
18311.0,4879
18312.0,4880
18316.0,4881
18317.0,4882
18318.0,4883
18319.0,4884
18320.0,4885
18321.0,4886
18322.0,4887
18323.0,4888
18324.0,4889
18330.0,4890
18352.0,4891
18353.0,4892
18373.0,4893
18398.0,4894
18404.0,4895
18405.0,4896
18406.0,4897
18407.0,4898
18408.0,4899
18409.0,4900
18410.0,4901
18411.0,4902
18412.0,4903
18413.0,4904
18414.0,4905
18415.0,4906
18416.0,4907
18422.0,4908
18427.0,4909
18428.0,4910
18429.0,4911
18430.0,4912
18436.0,4913
18437.0,4914
18442.0,4915
18500.0,4916
18511.0,4917
18512.0,4918
18513.0,4919
18679.0,4920
18766.0,4921
18769.0,4922
18780.0,4923
18781.0,4924
18782.0,4925
18783.0,4926
18784.0,4927
18785.0,4928
18786.0,4929
18787.0,4930
18788.0,4931
18790.0,4932
18795.0,4933
18808.0,4934
18809.0,4935
18856.0,4936
18858.0,4937
18859.0,4938
18866.0,4939
18867.0,4940
18868.0,4941
18869.0,4942
18870.0,4943
18874.0,4944
18877.0,4945
18878.0,4946
18879.0,4947
18880.0,4948
18881.0,4949
18882.0,4950
18883.0,4951
18884.0,4952
18891.0,4953
18892.0,4954
18917.0,4955
18937.0,4956
18940.0,4957
19155.0,4958
19235.0,4959
19236.0,4960
19237.0,4961
19238.0,4962
19532.0,4963
19535.0,4964
19536.0,4965
19537.0,4966
19538.0,4967
19539.0,4968
19541.0,4969
19542.0,4970
19543.0,4971
19544.0,4972
19545.0,4973
19553.0,4974
19554.0,4975
19563.0,4976
19564.0,4977
19565.0,4978
19566.0,4979
19568.0,4980
19571.0,4981
19572.0,4982
19575.0,4983
19576.0,4984
19577.0,4985
19580.0,4986
19581.0,4987
19582.0,4988
19583.0,4989
19584.0,4990
19585.0,4991
19587.0,4992
19588.0,4993
19590.0,4994
19591.0,4995
19592.0,4996
19598.0,4997
19602.0,4998
19604.0,4999
19621.0,5000
19622.0,5001
19623.0,5002
19636.0,5003
19637.0,5004
19638.0,5005
19639.0,5006
19640.0,5007
19641.0,5008
19644.0,5009
19645.0,5010
19646.0,5011
19698.0,5012
19699.0,5013
19700.0,5014
19701.0,5015
19741.0,5016
19751.0,5017
19759.0,5018
19771.0,5019
19774.0,5020
19813.0,5021
19843.0,5022
19844.0,5023
19845.0,5024
19846.0,5025
19847.0,5026
19939.0,5027
19940.0,5028
19941.0,5029
19942.0,5030
19944.0,5031
19945.0,5032
19946.0,5033
19947.0,5034
19948.0,5035
19949.0,5036
19950.0,5037
19951.0,5038
19952.0,5039
19953.0,5040
20001.0,5041
20002.0,5042
20003.0,5043
20004.0,5044
20005.0,5045
20006.0,5046
20007.0,5047
20008.0,5048
20010.0,5049
20024.0,5050
20026.0,5051
20029.0,5052
20033.0,5053
20036.0,5054
20040.0,5055
20041.0,5056
20044.0,5057
20046.0,5058
20047.0,5059
20052.0,5060
20053.0,5061
20055.0,5062
20056.0,5063
20057.0,5064
20058.0,5065
20061.0,5066
20094.0,5067
20112.0,5068
20113.0,5069
20114.0,5070
20115.0,5071
20116.0,5072
20117.0,5073
20118.0,5074
20119.0,5075
20120.0,5076
20124.0,5077
20125.0,5078
20126.0,5079
20127.0,5080
20128.0,5081
20129.0,5082
20130.0,5083
20131.0,5084
20136.0,5085
20149.0,5086
20152.0,5087
20153.0,5088
20154.0,5089
20155.0,5090
20156.0,5091
20157.0,5092
20159.0,5093
20160.0,5094
20162.0,5095
20164.0,5096
20165.0,5097
20166.0,5098
20167.0,5099
20168.0,5100
20170.0,5101
20171.0,5102
20173.0,5103
20175.0,5104
20181.0,5105
20182.0,5106
20183.0,5107
20186.0,5108
20187.0,5109
20188.0,5110
20189.0,5111
20190.0,5112
20191.0,5113
20192.0,5114
20205.0,5115
20206.0,5116
20207.0,5117
20208.0,5118
20209.0,5119
20210.0,5120
20212.0,5121
20215.0,5122
20216.0,5123
20232.0,5124
20233.0,5125
20254.0,5126
20268.0,5127
20291.0,5128
20292.0,5129
20293.0,5130
20295.0,5131
20299.0,5132
20300.0,5133
20301.0,5134
20302.0,5135
20303.0,5136
20304.0,5137
20305.0,5138
20309.0,5139
20310.0,5140
20311.0,5141
20312.0,5142
20313.0,5143
20327.0,5144
20332.0,5145
20336.0,5146
20337.0,5147
20352.0,5148
20353.0,5149
20359.0,5150
20360.0,5151
20361.0,5152
20362.0,5153
20363.0,5154
20364.0,5155
20365.0,5156
20366.0,5157
20410.0,5158
20411.0,5159
20412.0,5160
20413.0,5161
20414.0,5162
20415.0,5163
20419.0,5164
20420.0,5165
20436.0,5166
20437.0,5167
20438.0,5168
20440.0,5169
20442.0,5170
20443.0,5171
20444.0,5172
20492.0,5173
20493.0,5174
20494.0,5175
20495.0,5176
20497.0,5177
20499.0,5178
20500.0,5179
20501.0,5180
20502.0,5181
20505.0,5182
20506.0,5183
20528.0,5184
20529.0,5185
20530.0,5186
20531.0,5187
20532.0,5188
20540.0,5189
20541.0,5190
20542.0,5191
20543.0,5192
20544.0,5193
20546.0,5194
20548.0,5195
20551.0,5196
20647.0,5197
20648.0,5198
20649.0,5199
20650.0,5200
20651.0,5201
20652.0,5202
20660.0,5203
20665.0,5204
20666.0,5205
20667.0,5206
20670.0,5207
20673.0,5208
20674.0,5209
20833.0,5210
20839.0,5211
20867.0,5212
20877.0,5213
20920.0,5214
20921.0,5215
20922.0,5216
20923.0,5217
20924.0,5218
20925.0,5219
20926.0,5220
20927.0,5221
20928.0,5222
20929.0,5223
20930.0,5224
20933.0,5225
20937.0,5226
20941.0,5227
20943.0,5228
20944.0,5229
20946.0,5230
20947.0,5231
20949.0,5232
20950.0,5233
20953.0,5234
20955.0,5235
20970.0,5236
20971.0,5237
20972.0,5238
20973.0,5239
20974.0,5240
20975.0,5241
20976.0,5242
20977.0,5243
20978.0,5244
21099.0,5245
21105.0,5246
21133.0,5247
21167.0,5248
21185.0,5249
21194.0,5250
21197.0,5251
21200.0,5252
21212.0,5253
21233.0,5254
21235.0,5255
21236.0,5256
21275.0,5257
21276.0,5258
21277.0,5259
21278.0,5260
21279.0,5261
21300.0,5262
21312.0,5263
21313.0,5264
21314.0,5265
21315.0,5266
21316.0,5267
21317.0,5268
21318.0,5269
21319.0,5270
21320.0,5271
21321.0,5272
21335.0,5273
21339.0,5274
21347.0,5275
21354.0,5276
21394.0,5277
21420.0,5278
21553.0,5279
21554.0,5280
21555.0,5281
21557.0,5282
21567.0,5283
21591.0,5284
21598.0,5285
21599.0,5286
21600.0,5287
21603.0,5288
21605.0,5289
21606.0,5290
21607.0,5291
21608.0,5292
21609.0,5293
21610.0,5294
21611.0,5295
21612.0,5296
21613.0,5297
21614.0,5298
21631.0,5299
21633.0,5300
21638.0,5301
21645.0,5302
21734.0,5303
21735.0,5304
21736.0,5305
21737.0,5306
21738.0,5307
21739.0,5308
21740.0,5309
21756.0,5310
21757.0,5311
21758.0,5312
21759.0,5313
21760.0,5314
21761.0,5315
21762.0,5316
21763.0,5317
21764.0,5318
21765.0,5319
21771.0,5320
21772.0,5321
21773.0,5322
21774.0,5323
21775.0,5324
21820.0,5325
21866.0,5326
21867.0,5327
21868.0,5328
21869.0,5329
21870.0,5330
21871.0,5331
21872.0,5332
21873.0,5333
21874.0,5334
21918.0,5335
21919.0,5336
21920.0,5337
21921.0,5338
21922.0,5339
21923.0,5340
21924.0,5341
21925.0,5342
21937.0,5343
21938.0,5344
21939.0,5345
21940.0,5346
21941.0,5347
21942.0,5348
21943.0,5349
21944.0,5350
21955.0,5351
21964.0,5352
21965.0,5353
21966.0,5354
21967.0,5355
21968.0,5356
22015.0,5357
22016.0,5358
22113.0,5359
22114.0,5360
22115.0,5361
22116.0,5362
22150.0,5363
22155.0,5364
22193.0,5365
22232.0,5366
22233.0,5367
22234.0,5368
22236.0,5369
22251.0,5370
22252.0,5371
22253.0,5372
22254.0,5373
22255.0,5374
22279.0,5375
22289.0,5376
22341.0,5377
22342.0,5378
22343.0,5379
22344.0,5380
22345.0,5381
22348.0,5382
22351.0,5383
22352.0,5384
22353.0,5385
22354.0,5386
22357.0,5387
22358.0,5388
22359.0,5389
22380.0,5390
22388.0,5391
22396.0,5392
22846.0,5393
22856.0,5394
22857.0,5395
22858.0,5396
22859.0,5397
22860.0,5398
22862.0,5399
22864.0,5400
22865.0,5401
22866.0,5402
22867.0,5403
22868.0,5404
22869.0,5405
22871.0,5406
22877.0,5407
22878.0,5408
22880.0,5409
22885.0,5410
22899.0,5411
22901.0,5412
22904.0,5413
22935.0,5414
22937.0,5415
22938.0,5416
22939.0,5417
22940.0,5418
22941.0,5419
22942.0,5420
22944.0,5421
22945.0,5422
22950.0,5423
22951.0,5424
22952.0,5425
22953.0,5426
22954.0,5427
22955.0,5428
22959.0,5429
22963.0,5430
22965.0,5431
22966.0,5432
22968.0,5433
22970.0,5434
22971.0,5435
22973.0,5436
22981.0,5437
22983.0,5438
22984.0,5439
22986.0,5440
22988.0,5441
22991.0,5442
22993.0,5443
22994.0,5444
22999.0,5445
23027.0,5446
23028.0,5447
23029.0,5448
23031.0,5449
23034.0,5450
23035.0,5451
23037.0,5452
23038.0,5453
23039.0,5454
23040.0,5455
23041.0,5456
23042.0,5457
23048.0,5458
23055.0,5459
23056.0,5460
23057.0,5461
23058.0,5462
23059.0,5463
23061.0,5464
23074.0,5465
23080.0,5466
23081.0,5467
23082.0,5468
23083.0,5469
23084.0,5470
23085.0,5471
23086.0,5472
23087.0,5473
23088.0,5474
23090.0,5475
23103.0,5476
23175.0,5477
23178.0,5478
23234.0,5479
23235.0,5480
23239.0,5481
23240.0,5482
23242.0,5483
23245.0,5484
23246.0,5485
23247.0,5486
23248.0,5487
23250.0,5488
23251.0,5489
23252.0,5490
23253.0,5491
23254.0,5492
23255.0,5493
23256.0,5494
23257.0,5495
23258.0,5496
23260.0,5497
23278.0,5498
23288.0,5499
23289.0,5500
23290.0,5501
23291.0,5502
23292.0,5503
23293.0,5504
23294.0,5505
23295.0,5506
23303.0,5507
23304.0,5508
23305.0,5509
23306.0,5510
23309.0,5511
23312.0,5512
23320.0,5513
23321.0,5514
23322.0,5515
23323.0,5516
23324.0,5517
23325.0,5518
23326.0,5519
23327.0,5520
23343.0,5521
23348.0,5522
23349.0,5523
23350.0,5524
23351.0,5525
23352.0,5526
23353.0,5527
23354.0,5528
23367.0,5529
23375.0,5530
23397.0,5531
23530.0,5532
23559.0,5533
23560.0,5534
23561.0,5535
23563.0,5536
23567.0,5537
23568.0,5538
23569.0,5539
23572.0,5540
23627.0,5541
23628.0,5542
23629.0,5543
23630.0,5544
23631.0,5545
23730.0,5546
23731.0,5547
23738.0,5548
23739.0,5549
23740.0,5550
23741.0,5551
23742.0,5552
23743.0,5553
23746.0,5554
23747.0,5555
23749.0,5556
23756.0,5557
23757.0,5558
23758.0,5559
23793.0,5560
23794.0,5561
23795.0,5562
23796.0,5563
23797.0,5564
23801.0,5565
23802.0,5566
23803.0,5567
23804.0,5568
23805.0,5569
23806.0,5570
23808.0,5571
23809.0,5572
23810.0,5573
23811.0,5574
23812.0,5575
23813.0,5576
23814.0,5577
23815.0,5578
23820.0,5579
23825.0,5580
23826.0,5581
23827.0,5582
23828.0,5583
23829.0,5584
23830.0,5585
23832.0,5586
23835.0,5587
23841.0,5588
23842.0,5589
23843.0,5590
23844.0,5591
23845.0,5592
23848.0,5593
23854.0,5594
23877.0,5595
23878.0,5596
23879.0,5597
23880.0,5598
23881.0,5599
23882.0,5600
23885.0,5601
23886.0,5602
23888.0,5603
23899.0,5604
23925.0,5605
23968.0,5606
23969.0,5607
23971.0,5608
23972.0,5609
23973.0,5610
23977.0,5611
24023.0,5612
24025.0,5613
24039.0,5614
24040.0,5615
24041.0,5616
24042.0,5617
24049.0,5618
24051.0,5619
24052.0,5620
24072.0,5621
24075.0,5622
24078.0,5623
24079.0,5624
24080.0,5625
24082.0,5626
24083.0,5627
24086.0,5628
24087.0,5629
24183.0,5630
24228.0,5631
24229.0,5632
24230.0,5633
24262.0,5634
24263.0,5635
24264.0,5636
24265.0,5637
24266.0,5638
24267.0,5639
24268.0,5640
24269.0,5641
24270.0,5642
24294.0,5643
24309.0,5644
24313.0,5645
24314.0,5646
24315.0,5647
24337.0,5648
24356.0,5649
24365.0,5650
24389.0,5651
24390.0,5652
24391.0,5653
24392.0,5654
24393.0,5655
24408.0,5656
24416.0,5657
24417.0,5658
24420.0,5659
24421.0,5660
24444.0,5661
24445.0,5662
24446.0,5663
24447.0,5664
24460.0,5665
24463.0,5666
24464.0,5667
24465.0,5668
24479.0,5669
24480.0,5670
24481.0,5671
24482.0,5672
24483.0,5673
24484.0,5674
24494.0,5675
24498.0,5676
24499.0,5677
24500.0,5678
24501.0,5679
24502.0,5680
24503.0,5681
24505.0,5682
24508.0,5683
24509.0,5684
24510.0,5685
24511.0,5686
24512.0,5687
24513.0,5688
24516.0,5689
24523.0,5690
24524.0,5691
24525.0,5692
24526.0,5693
24542.0,5694
24544.0,5695
24545.0,5696
24548.0,5697
24551.0,5698
24552.0,5699
24553.0,5700
24568.0,5701
24623.0,5702
24678.0,5703
24723.0,5704
24724.0,5705
24725.0,5706
24726.0,5707
24727.0,5708
24729.0,5709
24731.0,5710
24736.0,5711
24751.0,5712
24860.0,5713
24883.0,5714
24884.0,5715
24891.0,5716
24900.0,5717
24912.0,5718
24913.0,5719
24937.0,5720
24954.0,5721
24956.0,5722
25024.0,5723
